{
  "project_info": {
    "project_number": "116645514817",
    "firebase_url": "https://myquiz-594fd.firebaseio.com",
    "project_id": "myquiz-594fd",
    "storage_bucket": "myquiz-594fd.appspot.com"
  },
  "client": [
    {
      "client_info": {
        "mobilesdk_app_id": "1:116645514817:android:10b006cd65cbbf822300c0",
        "android_client_info": {
          "package_name": "com.medhallc.myquiz"
        }
      },
      "oauth_client": [
        {
          "client_id": "116645514817-4pjuktj3i44bd39us74ob7spblusflc9.apps.googleusercontent.com",
          "client_type": 1,
          "android_info": {
            "package_name": "com.medhallc.myquiz",
            "certificate_hash": "5b2e0aed70a04af7fa5d0969d11b9c3e11375686"
          }
        },
        {
          "client_id": "116645514817-jnoigd92o3h1kr8bb6hn4kiv05ncpfv8.apps.googleusercontent.com",
          "client_type": 1,
          "android_info": {
            "package_name": "com.medhallc.myquiz",
            "certificate_hash": "e641875c5a721f5ff47019055b0db7aab4510fe9"
          }
        },
        {
          "client_id": "116645514817-d78eh8dntg4hndu825va3lrvibqejak9.apps.googleusercontent.com",
          "client_type": 1,
          "android_info": {
            "package_name": "com.medhallc.myquiz",
            "certificate_hash": "3eef998e6bc49f50e7deba448cd15491ed7a2f09"
          }
        },
        {
          "client_id": "116645514817-jhvgapcidcvsjm6ul0d0g6lka3hlf3le.apps.googleusercontent.com",
          "client_type": 3
        }
      ],
      "api_key": [
        {
          "current_key": "AIzaSyDhFwqsi1Vu5D3uCb_5n9axQI1vls6_xK8"
        }
      ],
      "services": {
        "appinvite_service": {
          "other_platform_oauth_client": [
            {
              "client_id": "116645514817-jhvgapcidcvsjm6ul0d0g6lka3hlf3le.apps.googleusercontent.com",
              "client_type": 3
            }
          ]
        }
      },
      "admob_app_id": "ca-app-pub-7236036137103950~4447078218"
    }
  ],
  "configuration_version": "1"
}