[
	{
		"question":"______Five Year Plans was launched with specific objective of “Growth with Stability”?",
		"option1":"3rd Five year Plan",
		"option2":"4rd Five year Plan",
		"option3":"5rd Five year Plan",
		"option4":"6rd Five year Plan",
		"answernumber":"2",
		"category":"Economy"
	},

	{
		"question":"What has been the annual growth rate of Indian Population between 2001 and 2011?",
		"option1":"1.26%",
		"option2":"1.39%",
		"option3":"1.64%",
		"option4":"1.89%",
		"answernumber":"2",
		"category":"Economy"
	},

	{
		"question":"In which five year plan self-reliance as an object of planning was emphasized?",
		"option1":"First Five Year Plan",
		"option2":"Second Five Year Plan",
		"option3":"Third Five Year Plan",
		"option4":"Fourth Five Year Plan",
		"answernumber":"4",
		"category":"Economy"
	},

	{
		"question":"_______Indian Economists have played a crucial role in the MNREGA formerly NREGA?",
		"option1":"Amartya Sen",
		"option2":"Jean Dreze",
		"option3":"Jagdish Natwarlal Bhagwati",
		"option4":"Dr. Vijay Kelkar",
		"answernumber":"2",
		"category":"Economy"
	},

	{
		"question":"What option does the central government does not include in development expenditure?",
		"option1":"Grant to States",
		"option2":"Defence Expenditur",
		"option3":"Social and Community Services",
		"option4":"Economic Services",
		"answernumber":"2",
		"category":"Economy"
	},

	{
		"question":"On July 12, 1982, The ARDC collaborated with?",
		"option1":"NABARD",
		"option2":"EXIM Bank",
		"option3":"RBI",
		"option4":"none of the above",
		"answernumber":"1",
		"category":"Economy"
	},

	{
		"question":"If RBI reduces the cash reserve ratio, the credit creation will?",
		"option1":"No impact",
		"option2":"Decrease",
		"option3":"Increase",
		"option4":"none of the above",
		"answernumber":"3",
		"category":"Economy"
	},

	{
		"question":"The central co-operative banks are directly associated with?",
		"option1":"Central Government",
		"option2":"Land Development Banks",
		"option3":"State Co-operative Banks",
		"option4":"Farmers",
		"answernumber":"3",
		"category":"Economy"
	},

	{
		"question":"The first complete Indian Bank was established in the year?",
		"option1":"1794",
		"option2":"1894",
		"option3":"1896",
		"option4":"1902",
		"answernumber":"2",
		"category":"Economy"
	},

	{
		"question":"Who was the first Finance minister of independent India?",
		"option1":"Shanmukhan Chetty",
		"option2":"John Mathai",
		"option3":"C. D Deshmukhi",
		"option4":"Liaquat Ali Khan",
		"answernumber":"1",
		"category":"Economy"
	},

	{
		"question":"Select the correct component of Components of the Union (Central) Budget of India?",
		"option1":"Revenue Budget",
		"option2":"Capital Budget",
		"option3":"Expenditure Budget",
		"option4":"Both A & B",
		"answernumber":"4",
		"category":"Economy"
	},

	{
		"question":"The authorization for the withdrawal of funds from the consolidated Fund of India must come from?",
		"option1":"The President of India",
		"option2":"The Parliament of India",
		"option3":"The Prime Minister of India",
		"option4":"The Union Finance Minister",
		"answernumber":"2",
		"category":"Economy"
	},

	{
		"question":"The Vote on Account is passed:",
		"option1":"After the voting of demands",
		"option2":"Before the general discussion",
		"option3":"After the general discussion",
		"option4":"Both A & B",
		"answernumber":"3",
		"category":"Economy"
	},

	{
		"question":"The number of demands in the General Budget for civil expenditures is:",
		"option1":"109",
		"option2":"106",
		"option3":"103",
		"option4":"102",
		"answernumber":"3",
		"category":"Economy"
	},

	{
		"question":"The word ‘Budget’ is mentioned in which of the following Articles of the Constitution of India:",
		"option1":"Art. 266",
		"option2":"Art. 112",
		"option3":"Art. 265",
		"option4":"None",
		"answernumber":"4",
		"category":"Economy"
	},

	{
		"question":"The budget was formally introduced in India in ?",
		"option1":"1860",
		"option2":"1947",
		"option3":"1950",
		"option4":"1950",
		"answernumber":"1",
		"category":"Economy"
	},

	{
		"question":"____component has been given option to remain open all days in a week across markets?",
		"option1":"Malls",
		"option2":"Private Offices",
		"option3":"Banks",
		"option4":"Shops",
		"answernumber":"4",
		"category":"Economy"
	},

	{
		"question":"Which Cess is levied 0.5 per cent on all services?",
		"option1":"Swachh Bharat",
		"option2":"Krishi Kalyan",
		"option3":"Krishi Kalyan",
		"option4":"Both A & B",
		"answernumber":"4",
		"category":"Economy"
	},

	{
		"question":"Which of the following items become costlier after the Budget 2018-19?",
		"option1":"Tobacco",
		"option2":"Cigar",
		"option3":"Cigarette",
		"option4":"All of the above",
		"answernumber":"4",
		"category":"Economy"
	},

	{
		"question":"Which of the following is not the rate of tax slab in the Union Budget 2020-21?",
		"option1":"10%",
		"option2":"15%",
		"option3":"25%",
		"option4":"40%",
		"answernumber":"4",
		"category":"Economy"
	},

	{
		"question":"What is the disinvestment target for 2020-21?",
		"option1":"Rs 1,73,000 crore",
		"option2":"Rs 2,10,000 crore",
		"option3":"Rs 65,000 crore",
		"option4":"Rs 1,05,000 core",
		"answernumber":"2",
		"category":"Economy"
	},

	{
		"question":"Vivad se Vishwas scheme is related to…?",
		"option1":"Indirect Tax",
		"option2":"Direct Tax",
		"option3":"Both Direct and Indirect",
		"option4":"Neither Direct nor Indirect",
		"answernumber":"2",
		"category":"Economy"
	},

	{
		"question":"As per the Union Budget, 2020-21, what is the highest rate of Direct Tax in India?",
		"option1":"20%",
		"option2":"35%",
		"option3":"30%",
		"option4":"40%",
		"answernumber":"3",
		"category":"Economy"
	},

	{
		"question":"Who presented the Union Budget 2020 in Parliament?",
		"option1":"Nirmala Sitharaman",
		"option2":"Nitin Gadkari",
		"option3":"Smriti Zubin Irani",
		"option4":"Narendra Modi",
		"answernumber":"1",
		"category":"Economy"
	},

	{
		"question":"How much fund is allocated for Swachh Bharat Mission in 2020-21?",
		"option1":"12,300 crore",
		"option2":"11,110 crore",
		"option3":"13,000 crore",
		"option4":"13,900 crore",
		"answernumber":"1",
		"category":"Economy"
	},

	{
		"question":"As per Budget 2020, how many airports to be developed by 2024 to support UDAAN scheme?",
		"option1":"200",
		"option2":"300",
		"option3":"130",
		"option4":"100",
		"answernumber":"4",
		"category":"Economy"
	},

	{
		"question":"How much fund is allocated for transport infrastructure in 2020-21?",
		"option1":"1,00,000 crore",
		"option2":"1,70,000 crore",
		"option3":"2,00,000 crore",
		"option4":"2,30,000 crore",
		"answernumber":"2",
		"category":"Economy"
	},

	{
		"question":"How much fund is allocated for Jal Jeevan Mission?",
		"option1":"2.6 lakh crore",
		"option2":"4 lakh crore",
		"option3":"4.2 lakh crore",
		"option4":"3.6 lakh crore",
		"answernumber":"4",
		"category":"Economy"
	},

	{
		"question":"According to Budget 2020, what is the fiscal deficit target for FY21?",
		"option1":"3.2% of GDP",
		"option2":"3.5% of GDP",
		"option3":"3% of GDP",
		"option4":"3.8% of GDP",
		"answernumber":"4",
		"category":"Economy"
	},

	{
		"question":"According to Budget 2020, how much insurance cover increased per depositor?",
		"option1":"10 lakh",
		"option2":"8 lakh",
		"option3":"5 lakh",
		"option4":"2 lakh",
		"answernumber":"3",
		"category":"Economy"
	}
]