[

	{
		"question":"National Income estimates in India are prepared by?",
		"option1":"planning commission",
		"option2":"Reserve bank of India",
		"option3":"central statistical organisation",
		"option4":"indian statistical institute",
		"answernumber":"3",
		"category":"GeneralKnowledge"
	},

	{
		"question":"The staple food of the Vedic Aryan was?",
		"option1":"barley and rice",
		"option2":"Milk and it's products",
		"option3":"rice and pulses",
		"option4":"vegetables and fruits",
		"answernumber":"2",
		"category":"GeneralKnowledge"
	},

	{
		"question":"The purest form of iron is?",
		"option1":"wrought iron",
		"option2":"steel",
		"option3":"pig iron",
		"option4":"nickel steel",
		"answernumber":"1",
		"category":"GeneralKnowledge"
	},

	{
		"question":"Fathometer is used to measure?",
		"option1":"earthquakes",
		"option2":"rainfall",
		"option3":"ocean depth",
		"option4":"sound intensity",
		"answernumber":"3",
		"category":"GeneralKnowledge"
	},

	{
		"question":"Which river of India is called Vridha Ganga?",
		"option1":"krishna",
		"option2":"godavari",
		"option3":"kaveri",
		"option4":"narmada",
		"answernumber":"2",
		"category":"GeneralKnowledge"
	},

	{
		"question":"Who launched Vidya - Veerta Abhiyan to encourage Universities to display portraits of Param Veer Chakra-decorated soldiers?",
		"option1":"Prakash Javadekar",
		"option2":"Harsh Vardhan",
		"option3":"Smriti Zubin Irani",
		"option4":"Venkaiah Naidu",
		"answernumber":"1",
		"category":"GeneralKnowledge"
	},

	{
		"question":"Who is appointed as a chairman of Public Accounts Committee (PAC) of Parliament?",
		"option1":"Mallikarjun Kharge",
		"option2":"Kuruppassery Varkey Thomas",
		"option3":"N. Janardhana Reddy",
		"option4":"Buta Singh",
		"answernumber":"1",
		"category":"GeneralKnowledge"
	},

	{
		"question":"Leena Nair is appointed as the secretary in the ministry of _____________?",
		"option1":"Home Affairs",
		"option2":"Tribal affairs",
		"option3":"External Affairs",
		"option4":"Chemicals and Fertilizers, Parliamentary Affairs",
		"answernumber":"2",
		"category":"GeneralKnowledge"
	},

	{
		"question":"The Union government will launch \"SAMPADA Scheme\" for which sector?",
		"option1":"Home Affairs",
		"option2":"Tribal affairs",
		"option3":"External Affairs",
		"option4":"Chemicals and Fertilizers, Parliamentary Affairs",
		"answernumber":"2",
		"category":"GeneralKnowledge"
	},

	{
		"question":"Which city is hosting the 2017 National Children's Film Festival (NCFF)?",
		"option1":"Hyderabad",
		"option2":"Visakhapatnam",
		"option3":"Jaipur",
		"option4":"Bhopal",
		"answernumber":"2",
		"category":"GeneralKnowledge"
	},

	{
		"question":"Dr. Ambedkar considered ______as the heart and soul of the Indian Constitution.?",
		"option1":"Right to Equality",
		"option2":"Right to Education",
		"option3":"Right to Freedom of Speech",
		"option4":"Right to constitutional Remedies",
		"answernumber":"4",
		"category":"GeneralKnowledge"
	},

	{
		"question":"Who was the president of India at the time of proclamation of emergency in 1976.",
		"option1":"Fakhruddin Ali Ahmed",
		"option2":"Zakir Hussain",
		"option3":"V V Giri",
		"option4":"Neelam Sanjeeva Reddy",
		"answernumber":"1",
		"category":"GeneralKnowledge"
	},

	{
		"question":" ______________ is the highest law officer of a state.",
		"option1":"Secretary General",
		"option2":"Law minister",
		"option3":"Attorney General",
		"option4":"Governor",
		"answernumber":"3",
		"category":"GeneralKnowledge"
	},

	{
		"question":"What is the minimum age required to become the Prime Minister of India?",
		"option1":"18 years",
		"option2":"21 years",
		"option3":"25 years",
		"option4":"35 years",
		"answernumber":"3",
		"category":"GeneralKnowledge"
	},

	{
		"question":"Which state first adopted the Pachayati Raj in India in 1959?",
		"option1":"Rajasthan",
		"option2":"Karnataka",
		"option3":"Gujarat",
		"option4":"Punjab",
		"answernumber":"1",
		"category":"GeneralKnowledge"
	},

	{
		"question":"What is the intermediate tier of the Panchayati Raj system is called?",
		"option1":"Zila Parishad",
		"option2":"Taluka Pachayat",
		"option3":"Pachayat Samiti",
		"option4":"Gram Sabha",
		"answernumber":"3",
		"category":"GeneralKnowledge"
	},

	{
		"question":"Where the Lal Bahadur Shastri National Academy of Administration is located?",
		"option1":"Shimla",
		"option2":"Delhi",
		"option3":"Ooty",
		"option4":"Mussoorie",
		"answernumber":"4",
		"category":"GeneralKnowledge"
	},

	{
		"question":"Who is the first Woman Chief Minister in India?",
		"option1":"Janaki Ramachandran",
		"option2":"Sucheta Kriplanihi",
		"option3":"Shashikala Kakodkar",
		"option4":"Nandini Satpathy",
		"answernumber":"2",
		"category":"GeneralKnowledge"
	},

	{
		"question":"Who is the first Woman Governor in India?",
		"option1":"Vijayalakshmi Pandit",
		"option2":"Sarojini Naidu",
		"option3":"Padmaja Naidu",
		"option4":"Fathima Beevi",
		"answernumber":"2",
		"category":"GeneralKnowledge"
	},

	{
		"question":"Total number of seats in Lower House of Parliament?",
		"option1":"545",
		"option2":"565",
		"option3":"530",
		"option4":"552",
		"answernumber":"1",
		"category":"GeneralKnowledge"
	},

	{
		"question":"Who invented the Ball Point Pen?",
		"option1":"Biro Brothers",
		"option2":"Waterman Brothers",
		"option3":"Bicc Brothers",
		"option4":"Write Brother",
		"answernumber":"1",
		"category":"GeneralKnowledge"
	},

	{
		"question":"Television was invented by?",
		"option1":"Sholes",
		"option2":"J.L.Baird",
		"option3":"Shockley",
		"option4":"John Napier",
		"answernumber":"2",
		"category":"GeneralKnowledge"
	},

	{
		"question":"Who invented Aeroplane?",
		"option1":"J. Robert Oppenheimer",
		"option2":"Kirkpatrick Macmillan",
		"option3":"Wallace Carothers",
		"option4":"Orville & Wilbur Wright",
		"answernumber":"4",
		"category":"GeneralKnowledge"
	},

	{
		"question":"Who invented Air Conditioning?",
		"option1":"Willis Carrier",
		"option2":"Ladislo Biro",
		"option3":"Martin Cooper",
		"option4":"Thomas Edison",
		"answernumber":"1",
		"category":"GeneralKnowledge"
	},

	{
		"question":"Who invented the internet?",
		"option1":"Robert E. Kahn and Vint Cerf",
		"option2":"Philip Diehl",
		"option3":"William Sturgeon",
		"option4":"Frederick Banting",
		"answernumber":"1",
		"category":"GeneralKnowledge"
	},

	{
		"question":"Who proposed the Preamble before the Drafting Committee of the Constitution?",
		"option1":"Jawaharlal Nehru",
		"option2":" B.R. Ambedkar",
		"option3":" B.N.Rau",
		"option4":"Mahatma Gandhi",
		"answernumber":"1",
		"category":"GeneralKnowledge"
	},

	{
		"question":"Union Budget is always presented first in ________?",
		"option1":"The Lok Sabha",
		"option2":"The Rajya Sabha",
		"option3":"Joint session of the Parliment",
		"option4":"Meeting of the Union Cabinet",
		"answernumber":"1",
		"category":"GeneralKnowledge"
	},

	{
		"question":"The Constitution of India borrowed the scheme of Indian Federation from the constitution of?",
		"option1":"USA",
		"option2":"Canada",
		"option3":"United Kingdom",
		"option4":"Ireland",
		"answernumber":"2",
		"category":"GeneralKnowledge"
	},

	{
		"question":"Right to property was removed from the list of Fundamental Rights during the rule of?",
		"option1":"Indhira Gandhi Government",
		"option2":"Morarji Desai Government",
		"option3":"Narasimha Rao Government",
		"option4":"Vajpayee Government",
		"answernumber":"2",
		"category":"GeneralKnowledge"
	},

	{
		"question":"Who have the power to decide an election petition?",
		"option1":"Parliament",
		"option2":"Supreme Court",
		"option3":"High Courts",
		"option4":"Election Commission",
		"answernumber":"3",
		"category":"GeneralKnowledge"
	},

	{
		"question":"The tenure of the members of Lok Sabha is for how many years?",
		"option1":"11",
		"option2":"7",
		"option3":"6",
		"option4":"5",
		"answernumber":"4",
		"category":"GeneralKnowledge"
	},

	{
		"question":"The number of parliamentary seats (Lok Sabha) of Haryana is?",
		"option1":"10",
		"option2":"26",
		"option3":"28",
		"option4":"48",
		"answernumber":"1",
		"category":"GeneralKnowledge"
	},

	{
		"question":"What is the total number of members in Rajya Sabha from States and Union Territories?",
		"option1":"218",
		"option2":"228",
		"option3":"238",
		"option4":"248",
		"answernumber":"3",
		"category":"GeneralKnowledge"
	},

	{
		"question":"Who was the first indian Chief Election Commissioner?",
		"option1":"Morarji Desai",
		"option2":"Sukumar Sen",
		"option3":"Sardar Patel",
		"option4":"V.S Ramadev",
		"answernumber":"2",
		"category":"GeneralKnowledge"
	},

	{
		"question":"The National Anthem was adopted by the Constituent Assembly in?",
		"option1":"24th May 1949",
		"option2":"24th November 1949",
		"option3":" 24th January 1950",
		"option4":"24th June 1950",
		"answernumber":"3",
		"category":"GeneralKnowledge"
	},

	{
		"question":"In which year was the First Five Year Plan launched in India?",
		"option1":"1921",
		"option2":"1931",
		"option3":"1941",
		"option4":"1951",
		"answernumber":"4",
		"category":"GeneralKnowledge"
	},

	{
		"question":"Which of the following musical instruments is of Indian origin?",
		"option1":"Guitar",
		"option2":"Drums",
		"option3":"Piano",
		"option4":"Flute",
		"answernumber":"4",
		"category":"GeneralKnowledge"
	},

	{
		"question":"Who was the author of the famous storybook 'Alice's Adventures in Wonderland'?",
		"option1":"Rudyard Kipling",
		"option2":"John Keats",
		"option3":"Lewis Carroll",
		"option4":"H G Wells",
		"answernumber":"3",
		"category":"GeneralKnowledge"
	},

	{
		"question":"Who wrote the famous 1855 poem 'The Charge of the Light Brigade'?",
		"option1":"Lord Alfred Tennyson",
		"option2":"Christopher Marlowe",
		"option3":"Johannes Gutenberg",
		"option4":" René Descartes",
		"answernumber":"1",
		"category":"GeneralKnowledge"
	},

	{
		"question":"What is the book 'Lord of the Flies' about?",
		"option1":"A round trip around the USA",
		"option2":"A swarm of killer flies",
		"option3":"Schoolboys on the desert island",
		"option4":"None of the above",
		"answernumber":"3",
		"category":"GeneralKnowledge"
	},

	{
		"question":"Which of the following is the longest Railway tunnel in the world?",
		"option1":"Gotthard Base Tunnel",
		"option2":"Seikan Tunnel",
		"option3":"Yulhyeon Tunnel",
		"option4":"Channel Tunnel",
		"answernumber":"1",
		"category":"GeneralKnowledge"
	},

	{
		"question":"Who among the following is a first female locopilot of the Indian Railways in India?",
		"option1":"Rajashree Sachdev",
		"option2":"Bhavani Kumari",
		"option3":"Ritu Chauhan",
		"option4":"Surekha Shankar Yadav",
		"answernumber":"4",
		"category":"GeneralKnowledge"
	},

	{
		"question":"Which of the following is the highest railway system in the world?",
		"option1":"Qingzang Railway, China",
		"option2":"Ferrocarril Central Andino, Peru",
		"option3":"Rio Mulatos-Potosi Line, Bolivia",
		"option4":"PeruRail, Peru",
		"answernumber":"1",
		"category":"GeneralKnowledge"
	},

	{
		"question":"Which of the following Railways line runs parallel to the Arabian Sea, offering views along the coast?",
		"option1":"Central Railway",
		"option2":"Konkan Railway",
		"option3":"Southern Railway",
		"option4":"Western Railway",
		"answernumber":"2",
		"category":"GeneralKnowledge"
	},

	{
		"question":"Which of the following railway station has the world's longest railway platform in India?",
		"option1":"Gorakhpur Railway Station",
		"option2":"Kollam Junction, Kharagpur",
		"option3":"Bilaspur Railway Station",
		"option4":"None of the above",
		"answernumber":"1",
		"category":"GeneralKnowledge"
	},

	{
		"question":"Which of the following is the world’s busiest metro system?",
		"option1":"Tokyo Subway, Japan",
		"option2":"Beijing Subway, China",
		"option3":"Seoul Subway, South Korea",
		"option4":"Shanghai Metro, China",
		"answernumber":"1",
		"category":"GeneralKnowledge"
	},

	{
		"question":"Who among the following is known as the father of Indian Railways?",
		"option1":"Lord Dalhousie",
		"option2":"Lord Ripon",
		"option3":"Mahatma Gandhi",
		"option4":"M.Visweswariah",
		"answernumber":"1",
		"category":"GeneralKnowledge"
	},

	{
		"question":"When is the International Day of Non-Violence celebrated?",
		"option1":"14th August",
		"option2":"16th May",
		"option3":"8th October",
		"option4":"2nd October",
		"answernumber":"4",
		"category":"GeneralKnowledge"
	},

	{
		"question":"Which of the following is not a term used for different kinds of Glacial deposits?",
		"option1":"Moraines",
		"option2":"Drumlins",
		"option3":"Kettle",
		"option4":"Skerry",
		"answernumber":"4",
		"category":"GeneralKnowledge"
	},

	{
		"question":"Which of the following is the first country in Asia to have large scale industrialization?",
		"option1":"Japan",
		"option2":"China",
		"option3":"India",
		"option4":"Iran",
		"answernumber":"1",
		"category":"GeneralKnowledge"
	},

	{
		"question":"Pahlavi dynasty is related to which of the following countries?",
		"option1":"Thailand",
		"option2":"Iran",
		"option3":"Egypt",
		"option4":"Sri Lanka",
		"answernumber":"2",
		"category":"GeneralKnowledge"
	},

	{
		"question":"The Domari language is spoken in which among the following regions?",
		"option1":"South East Asia",
		"option2":"Middle East and North Africa",
		"option3":"Egypt",
		"option4":"Sri Lanka",
		"answernumber":"2",
		"category":"GeneralKnowledge"
	},

	{
		"question":"Which of the following is the official language in Argentina?",
		"option1":"Portuguese",
		"option2":"French",
		"option3":"Spanish",
		"option4":"Dutch",
		"answernumber":"3",
		"category":"GeneralKnowledge"
	},

	{
		"question":"Which of the following monasteries is known as Galden Namgey Lhatse?",
		"option1":"Hemis Monastery",
		"option2":"Tawang Monastery",
		"option3":"Bomdila Monastery",
		"option4":"Namdroling Monastery",
		"answernumber":"2",
		"category":"GeneralKnowledge"
	},

	{
		"question":"Tabo Monastery is located in which of the following states?",
		"option1":"Arunachal Pradesh",
		"option2":"Himachal Pradesh",
		"option3":"Jammu & Kashmir",
		"option4":"Sikkim",
		"answernumber":"2",
		"category":"GeneralKnowledge"
	},

	{
		"question":"Who among the following has written the novel “City of Joy”?",
		"option1":"Dominique Lapierre",
		"option2":"Roland Joffé",
		"option3":"Larry Collins",
		"option4":"Javier Moro",
		"answernumber":"1",
		"category":"GeneralKnowledge"
	},

	{
		"question":"The “Amos” series of satellites belongs to which among the following countries?",
		"option1":"India",
		"option2":"USA",
		"option3":"Israel",
		"option4":"China",
		"answernumber":"1",
		"category":"GeneralKnowledge"
	},

	{
		"question":"Which among the following scientists is known for laws of planetary motion?",
		"option1":"Newton",
		"option2":"Kepler",
		"option3":"Galileo",
		"option4":"Faraday",
		"answernumber":"2",
		"category":"GeneralKnowledge"
	},

	{
		"question":"Which among the following is also known as Dog Star?",
		"option1":"Alpha Centauri",
		"option2":"Proxima centauri",
		"option3":"Sirius",
		"option4":"Aludra",
		"answernumber":"3",
		"category":"GeneralKnowledge"
	},

	{
		"question":"Which among the following types of cultivations is known as Ladang in Indonesia?",
		"option1":"Plantations",
		"option2":"Shifting Cultivation",
		"option3":"Mixed farming",
		"option4":"Gardening",
		"answernumber":"2",
		"category":"GeneralKnowledge"
	}


]