[

	{
		"question":"Which of the following regions in India represents lowest altitude?",
		"option1":"Kuttanad region in Kerala",
		"option2":"Saurashtra Region in Karnataka",
		"option3":"Coromandel of Tamil Nadu",
		"option4":"Malabar region of Kerala",
		"answernumber":"1",
		"category":"Geography"
	},

	{
		"question":"Which of the following is an example of Piedmont plateau?",
		"option1":"Tibetan Plateau",
		"option2":"Bolivian Plateau",
		"option3":"Malwa Plateau",
		"option4":"Ladakh plateau",
		"answernumber":"3",
		"category":"Geography"
	},

	{
		"question":"In which of the following states, the Sharaswati Project is located?",
		"option1":"Andhra Pradesh",
		"option2":"Karnataka",
		"option3":"Tamil Nadu",
		"option4":"Madhya Pradesh",
		"answernumber":"2",
		"category":"Geography"
	},

	{
		"question":"Which among the following states is largest producer of Coffee in India?",
		"option1":"Tamilnadu",
		"option2":"Andhra Pradesh",
		"option3":"Karnataka",
		"option4":"Kerala",
		"answernumber":"3",
		"category":"Geography"
	},

	{
		"question":"Polavaram Project is located in which state?",
		"option1":"Karnataka",
		"option2":"Kerala",
		"option3":"Tamilnadu",
		"option4":"Andhra Pradesh",
		"answernumber":"4",
		"category":"Geography"
	},

	{
		"question":"Which Indian state share the longest land border with Bhutan?",
		"option1":"Assam",
		"option2":"Sikkim",
		"option3":"ArunachalPradesh",
		"option4":"WestBengal",
		"answernumber":"1",
		"category":"Geography"
	},

	{
		"question":"The place “Noonmati” in India, is related to which among the following?",
		"option1":"Salt Industry",
		"option2":"Paper Industry",
		"option3":"Textile Industry",
		"option4":"Petroleum Industry",
		"answernumber":"4",
		"category":"Geography"
	},

	{
		"question":"What is the Length of Coast line of India including the cost line of Andaman and Nicobar Island?",
		"option1":"7517Km",
		"option2":"7218Km",
		"option3":"6518Km",
		"option4":"5517Km",
		"answernumber":"1",
		"category":"Geography"
	},

	{
		"question":"Which of the following is the largest Archipelago in the world?",
		"option1":"Indonesia",
		"option2":"Malaysia",
		"option3":"Maldives",
		"option4":"Andaman & Nicobar Island",
		"answernumber":"1",
		"category":"Geography"
	},

	{
		"question":"Which of the following passes cuts through the Pir Panjal range and links Manali and Leh by road?",
		"option1":"Mana Pass",
		"option2":"Nathula Pass",
		"option3":"Rohtas Pass",
		"option4":"Niti Pass",
		"answernumber":"3",
		"category":"Geography"
	},

	{
		"question":"Which of the following imaginary line almost divides India into two equal parts?",
		"option1":"Tropic of Capricorn",
		"option2":"Arctic Circle",
		"option3":"Equator",
		"option4":"Tropic of Cancer",
		"answernumber":"4",
		"category":"Geography"
	},

	{
		"question":"Which of the following water bodies is the home of Lakshadweep?",
		"option1":"Arabian Sea",
		"option2":"Bay of Bengal",
		"option3":"Indian Ocean",
		"option4":"Atlantic Ocean",
		"answernumber":"1",
		"category":"Geography"
	},

	{
		"question":"Where is the Loktak Lake situated?",
		"option1":"Kerala",
		"option2":"Uttaranchal",
		"option3":"Manipur",
		"option4":"Rajasthan",
		"answernumber":"3",
		"category":"Geography"
	},

	{
		"question":"Which of the following hill ranges dominated by the  ‘Dodabeta’ peak?",
		"option1":"Nilgiri hills",
		"option2":"Anaimalai hills",
		"option3":"Cardamom hills",
		"option4":"Nallamala hills",
		"answernumber":"1",
		"category":"Geography"
	},

	{
		"question":"Which of the following places receives the highest rainfall in the world?",
		"option1":"Silchar",
		"option2":"Cherrapunji",
		"option3":"Mawsynram",
		"option4":"Guwahati",
		"answernumber":"3",
		"category":"Geography"
	},

	{
		"question":"Which of the following reason of rainfall during winters in north-western part of India?",
		"option1":"Cyclonic depression",
		"option2":"Western disturbances",
		"option3":"Retreating monsoon",
		"option4":"Southwest monsoon",
		"answernumber":"2",
		"category":"Geography"
	},

	{
		"question":"Which type of volcanic eruptions is responsible for Deccan Trap formations in the Indian peninsular region?",
		"option1":"Shield",
		"option2":"Flood",
		"option3":"Composite",
		"option4":"Caldera",
		"answernumber":"2",
		"category":"Geography"
	},

	{
		"question":"Which type of sources are indirect source of information about the Interior of the Earth?",
		"option1":"Seismic Activity",
		"option2":"Volcanoes",
		"option3":"Surface Rocks or Mined Rocks",
		"option4":"All the above",
		"answernumber":"1",
		"category":"Geography"
	},

	{
		"question":"Air pressure decreases with?",
		"option1":"The decrease in altitude",
		"option2":"Increase in altitude",
		"option3":"The decrease in density of air",
		"option4":"Decrease in the temperature of air",
		"answernumber":"1",
		"category":"Geography"
	},

	{
		"question":"Earth's rotation generates which of the following force?",
		"option1":"Centrifugal force",
		"option2":"Centripetal force",
		"option3":"Kinetic Force",
		"option4":"Static force",
		"answernumber":"1",
		"category":"Geography"
	},

	{
		"question":"Which of the following landforms created by glacial erosion?",
		"option1":"Cirque",
		"option2":"'U' shaped valley",
		"option3":"Hanging Valley",
		"option4":"All of the above",
		"answernumber":"4",
		"category":"Geography"
	},

	{
		"question":"Snow collects at the upper end in a bowl shaped depression called?",
		"option1":"Cirque",
		"option2":"'U' shaped valley",
		"option3":"Hanging Valley",
		"option4":"All of the above",
		"answernumber":"1",
		"category":"Geography"
	},

	{
		"question":"Which of the following landforms created by the sea waves?",
		"option1":"Sea Cliff",
		"option2":"Sea Caves",
		"option3":"Sea Arches",
		"option4":"All of the above",
		"answernumber":"4",
		"category":"Geography"
	},

	{
		"question":"Which place in India has the potential for generation of tidal energy?",
		"option1":"Gulf of Cambay & Kutch",
		"option2":"Gulf of Mannar",
		"option3":"USA",
		"option4":"India",
		"answernumber":"1",
		"category":"Geography"
	},

	{
		"question":"The tidal potential power of Gulf of Kutch?",
		"option1":"1000MW",
		"option2":"7000MW",
		"option3":"1200MW",
		"option4":"2700MW",
		"answernumber":"3",
		"category":"Geography"
	},

	{
		"question":"During neap tide, the sun and moon are ______ to each other?",
		"option1":"Obtuse Angle",
		"option2":"Right Angle",
		"option3":"Acute Angle",
		"option4":"Straight Angle",
		"answernumber":"2",
		"category":"Geography"
	},

	{
		"question":"Which of the following are correctly matched?",
		"option1":"The moon- The big Splat theory",
		"option2":"Origin of universe- The Big Bang theory",
		"option3":"Evolution of earth- The Nebula Hypothesis",
		"option4":"All are correctly matched",
		"answernumber":"4",
		"category":"Geography"
	},

	{
		"question":"Arrange the following in the order of shortest to longest duration on Geological Time Scale?",
		"option1":"Eons-Era-Period-Epoch",
		"option2":"Epoch-Period-Era-Eons",
		"option3":"Epoch-Eons-Period-Era",
		"option4":"Era-Period-Epoch-Eons",
		"answernumber":"2",
		"category":"Geography"
	},

	{
		"question":"______processes is related to the formation or modification of the present atmosphere?",
		"option1":"Solar winds",
		"option2":"Degassing",
		"option3":"Photosynthesis",
		"option4":"All of the above",
		"answernumber":"4",
		"category":"Geography"
	},

	{
		"question":"Sesimic waves behaviour change with the change in_____?",
		"option1":"Degassing",
		"option2":"Solar winds",
		"option3":"medium",
		"option4":"All of the above",
		"answernumber":"3",
		"category":"Geography"
	},

	{
		"question":"The sequence of energy transfer from the lower level to the higher tropic level is called?",
		"option1":"Food web",
		"option2":"Food Chain",
		"option3":"Respiration",
		"option4":"None",
		"answernumber":"2",
		"category":"Geography"
	},

	{
		"question":"When the feeding relationship in a natural ecosystem becomes complicated,then it is called?",
		"option1":"Ecological Pyramid  Relationship",
		"option2":"Ecological Relationship",
		"option3":"Food Web",
		"option4":"None",
		"answernumber":"3",
		"category":"Geography"
	},

	{
		"question":"Who among the following is considered as the father of evolutionary theory?",
		"option1":"Beagle",
		"option2":"Russel Wallace",
		"option3":"Charles Darwin",
		"option4":"None",
		"answernumber":"3",
		"category":"Geography"
	},

	{
		"question":"Which of the following is considered the richest native wildlife in the world?",
		"option1":"Tropical Rain forest",
		"option2":"Tropical Grasslands",
		"option3":"Boreal Forest",
		"option4":"Temperate Grasslands",
		"answernumber":"2",
		"category":"Geography"
	},

	{
		"question":"Which of the following country is the largest producer of sugar in the world?",
		"option1":"Brazil",
		"option2":"India",
		"option3":"Pakistan",
		"option4":"China",
		"answernumber":"2",
		"category":"Geography"
	},

	{
		"question":"Which of the following places the steel plant was established just after independence of India?",
		"option1":"Bhilai",
		"option2":"Raurkela",
		"option3":"Durgapur",
		"option4":"All of the above",
		"answernumber":"4",
		"category":"Geography"
	},

	{
		"question":"______state is the second largest producer of cotton in India after Maharashtra?",
		"option1":"Tamil Nadu",
		"option2":"Madhya Pradesh",
		"option3":"Gujarat",
		"option4":"Andhra Pradesh",
		"answernumber":"3",
		"category":"Geography"
	},

	{
		"question":"Which of the following industry is the second largest agro-based industry of India?",
		"option1":"Steel and iron",
		"option2":"Sugar",
		"option3":"Cotton textile",
		"option4":"Petro Chemical",
		"answernumber":"2",
		"category":"Geography"
	},

	{
		"question":"Kulti is known for the iron and steel works located for which state of India?",
		"option1":"Jharkand",
		"option2":"Bihar",
		"option3":"West Bengal",
		"option4":"Chhattisgarh",
		"answernumber":"3",
		"category":"Geography"
	},

	{
		"question":"Which one of the following is a consumer industry?",
		"option1":"Petro-chemicals",
		"option2":"Chittranjan Locomotives",
		"option3":"Sugar Industry",
		"option4":"Iron and steel",
		"answernumber":"3",
		"category":"Geography"
	},

	{
		"question":"Which one of the following is a small scale industry?",
		"option1":"Sugar",
		"option2":"Cotton",
		"option3":"Paper",
		"option4":"Ceiling Fans",
		"answernumber":"4",
		"category":"Geography"
	},

	{
		"question":"Which of the following states is the largest producer of cotton textile in the country?",
		"option1":"Gujarat",
		"option2":"Maharashtra",
		"option3":"Uttar Pradesh",
		"option4":"Punjab",
		"answernumber":"2",
		"category":"Geography"
	},

	{
		"question":"The upper Brahmaputra valley is known for which of the following resources?",
		"option1":"Zinc",
		"option2":"Petroleum",
		"option3":"Coal",
		"option4":"Silver",
		"answernumber":"2",
		"category":"Geography"
	},

	{
		"question":"Which state has the second largest coal fields in India after Jharkhand?",
		"option1":"West Bengal",
		"option2":"Bihar",
		"option3":"Odisha",
		"option4":"Madhya Pradesh",
		"answernumber":"1",
		"category":"Geography"
	},

	{
		"question":"Which of the following states has highest area of land available for cultivation India?",
		"option1":"Odisha",
		"option2":"Assam",
		"option3":"Manipur",
		"option4":"Nagaland",
		"answernumber":"1",
		"category":"Geography"
	},

	{
		"question":"Which of the following states has higher percentage of fallow land?",
		"option1":"Assam",
		"option2":"Bihar",
		"option3":"Tamil Nadu",
		"option4":"Punjab",
		"answernumber":"2",
		"category":"Geography"
	},

	{
		"question":"Which type of farming is more suitable for the production of crops like sugarcane, wheat and rice?",
		"option1":"Shifting farming",
		"option2":"Irrigated farming",
		"option3":"Subsistence farming",
		"option4":"Terrace farming",
		"answernumber":"2",
		"category":"Geography"
	},

	{
		"question":"Which of the following types of farming also known as “Jhuming”?",
		"option1":"Shifting farming",
		"option2":"Irrigated farming",
		"option3":"Subsistence farming",
		"option4":"Terrace farming",
		"answernumber":"1",
		"category":"Geography"
	},

	{
		"question":"The clouds float in the atmosphere because of their low:",
		"option1":"Velocity",
		"option2":"Temperature",
		"option3":"Density",
		"option4":"Pressure",
		"answernumber":"3",
		"category":"Geography"
	},

	{
		"question":"Which of the following affects atmospheric pressure?",
		"option1":"Temperature",
		"option2":"Earth rotation",
		"option3":"Altitude",
		"option4":"All the above",
		"answernumber":"4",
		"category":"Geography"
	},

	{
		"question":"Laterisation of soil is related to which type of vegetation?",
		"option1":"Tropical evergreen",
		"option2":"Tropical monsoon",
		"option3":"Temperate evergreen",
		"option4":"Mediterranean forest",
		"answernumber":"1",
		"category":"Geography"
	},

	{
		"question":"Which layer of the atmosphere is responsible for the deflection of the radio waves?",
		"option1":"Troposphere",
		"option2":"Stratosphere",
		"option3":"Mesosphere",
		"option4":"Ionosphere",
		"answernumber":"4",
		"category":"Geography"
	},

	{
		"question":"Daily weather showing isobars is an example of:",
		"option1":"Choropleth map",
		"option2":"Isopleth map",
		"option3":"Chorochromatic map",
		"option4":"Choroschematic map",
		"answernumber":"2",
		"category":"Geography"
	},

	{
		"question":"______conditions is indicated by a sudden fall in barometer reading?",
		"option1":"Stormy weather",
		"option2":"Calm weather",
		"option3":"Cold and dry weather",
		"option4":"Hot and sunny weather",
		"answernumber":"1",
		"category":"Geography"
	},

	{
		"question":"Which of the following cities has maximum northern latitude?",
		"option1":"Ranchi",
		"option2":"Dhanbad",
		"option3":"Jamshedpur",
		"option4":"Barddhaman",
		"answernumber":"2",
		"category":"Geography"
	},

	{
		"question":"Tropical Cyclones are intense low pressure areas confined to the area lying between?",
		"option1":"30° North & 30° South",
		"option2":"50° North & 50° South",
		"option3":"50° North & 30° South",
		"option4":"5° North & 5° South",
		"answernumber":"2",
		"category":"Geography"
	},

	{
		"question":"Rashtriya Barh Ayog identified ______ million hectares of land as flood-prone in India.",
		"option1":"40",
		"option2":"80",
		"option3":"100",
		"option4":"120",
		"answernumber":"1",
		"category":"Geography"
	},

	{
		"question":"The latitudes that pass through Sikkim also pass through?",
		"option1":"Rajasthan",
		"option2":"Punjab",
		"option3":"Himachal Pradesh",
		"option4":"Jammu & Kashmir",
		"answernumber":"1",
		"category":"Geography"
	},

	{
		"question":"Which of the following rivers is not included in ‘Panchnad'?",
		"option1":"Ravi",
		"option2":"Indus",
		"option3":"Chenab",
		"option4":"Jhelum",
		"answernumber":"2",
		"category":"Geography"
	},

	{
		"question":"Sandalwood is an example of:?",
		"option1":"Evergreen forest",
		"option2":"Deciduous forest",
		"option3":"Deltaic forest",
		"option4":"Thorny forest",
		"answernumber":"2",
		"category":"Geography"
	}
]