[

	{
		"question":"Which is the good sources of Protein?",
		"option1":"Green vegetables",
		"option2":"Rice",
		"option3":"Fruits",
		"option4":"Eggs",
		"answernumber":"4",
		"category":"Health"
	},

	{
		"question":"Which food item provide energy?",
		"option1":"Rice",
		"option2":"Sugar",
		"option3":"Bread",
		"option4":"All the above",
		"answernumber":"4",
		"category":"Health"
	},

	{
		"question":"Which food item has calcium?",
		"option1":"Honey",
		"option2":"Sugar",
		"option3":"Milk",
		"option4":"All the above",
		"answernumber":"3",
		"category":"Health"
	},

	{
		"question":"Which food item has fat?",
		"option1":"Butter",
		"option2":"Fish",
		"option3":"Green vegetable",
		"option4":"All the above",
		"answernumber":"1",
		"category":"Health"
	},

	{
		"question":"Which food item has protein, fat and minerals?",
		"option1":"Fruits",
		"option2":"Bread",
		"option3":"Honey",
		"option4":"Milk",
		"answernumber":"4",
		"category":"Health"
	},

	{
		"question":"Which disease caused by deficiency of iodine?",
		"option1":"Nightblindness",
		"option2":"Goiter",
		"option3":"Scurvy",
		"option4":"Rickets",
		"answernumber":"2",
		"category":"Health"
	},

	{
		"question":"Which of the following is a non communicable disease?",
		"option1":"Malaria",
		"option2":"Measles",
		"option3":"Typhoid",
		"option4":"Heart diseases",
		"answernumber":"4",
		"category":"Health"
	},

	{
		"question":"A person suffer from goiter because of lack of which mineral?",
		"option1":"Calcium",
		"option2":"Iron",
		"option3":"Phosphorous",
		"option4":"Vitamin D",
		"answernumber":"2",
		"category":"Health"
	},

	{
		"question":"Which one of the following diseases is a communicable?",
		"option1":"rickets",
		"option2":"amoebiasis",
		"option3":"diabetes",
		"option4":"cancer",
		"answernumber":"2",
		"category":"Health"
	},

	{
		"question":"The cells which act as parasites in the body?",
		"option1":"Schwann cells",
		"option2":"Hepatocytes",
		"option3":"Kupffer’s cells",
		"option4":"Cancer cells",
		"answernumber":"4",
		"category":"Health"
	},

	{
		"question":"TAB vaccine is useful against ?",
		"option1":"Polio",
		"option2":"Diptheria",
		"option3":"Pertussis",
		"option4":"Typhoid",
		"answernumber":"4",
		"category":"Health"
	},

	{
		"question":"The pathogen of the typhoid is directly transmitted through?",
		"option1":"urine",
		"option2":"water",
		"option3":"blood",
		"option4":"cerebrospinal fluid",
		"answernumber":"2",
		"category":"Health"
	},

	{
		"question":"Which of the following works with calcium to build strong bones?",
		"option1":"Vitamin D",
		"option2":"Vitamin C",
		"option3":"Phosphorus",
		"option4":"Iron",
		"answernumber":"1",
		"category":"Health"
	},

	{
		"question":"Which of the following is considered an easily digestible source of protein?",
		"option1":"Egg albumin",
		"option2":"Soyabean",
		"option3":"Fish flesh",
		"option4":"Red meat",
		"answernumber":"2",
		"category":"Health"
	},

	{
		"question":"Washing of peeled vegetables removes ?",
		"option1":"Vitamin E",
		"option2":"Vitamin D",
		"option3":"Vitamin C",
		"option4":"Vitamin B",
		"answernumber":"3",
		"category":"Health"
	},

	{
		"question":"Which of the following metals is a constituent of Vitamin B12?",
		"option1":"Iron",
		"option2":"Magnesium",
		"option3":"Zinc",
		"option4":"Cobalt",
		"answernumber":"4",
		"category":"Health"
	},

	{
		"question":"Milk, cheese and eggs are the sources of?",
		"option1":"Vitamin C and A",
		"option2":"Vitamin A and D",
		"option3":"Vitamin C and D",
		"option4":"Vitamin B and C",
		"answernumber":"2",
		"category":"Health"
	},

	{
		"question":"Piperine is a compound found in?",
		"option1":"pepper",
		"option2":"turmeric",
		"option3":"cardamom",
		"option4":"cloves",
		"answernumber":"1",
		"category":"Health"
	},

	{
		"question":"Which of the following has the highest calorific value ?",
		"option1":"Carbohydrates",
		"option2":"Fats",
		"option3":"Proteins",
		"option4":"Vitamins",
		"answernumber":"2",
		"category":"Health"
	},

	{
		"question":"Sweetex used by the diabetic patients has energy content of -",
		"option1":"Five calories",
		"option2":"Ten calories",
		"option3":"Hundred calories",
		"option4":"Zero calorie",
		"answernumber":"2",
		"category":"Health"
	},

	{
		"question":"Which of the following food items is rich in iron ?",
		"option1":"Rice",
		"option2":"Apple",
		"option3":"Pulses",
		"option4":"Orange",
		"answernumber":"3",
		"category":"Health"
	},

	{
		"question":"Pulses are a good source of  ?",
		"option1":"Carbohydrates",
		"option2":"Proteins",
		"option3":"Fats",
		"option4":"Vitamins",
		"answernumber":"2",
		"category":"Health"
	},

	{
		"question":"Which of the following is also sometimes referred to as Vitamin H?",
		"option1":"Keratin",
		"option2":"Niacin",
		"option3":"Biotin",
		"option4":"Riboflavin",
		"answernumber":"3",
		"category":"Health"
	},

	{
		"question":"Which one of the following is essential for preventing dental caries?",
		"option1":"Flourine",
		"option2":"Iodine",
		"option3":"Iron",
		"option4":"Zinc",
		"answernumber":"1",
		"category":"Health"
	},

	{
		"question":"The vitamin necessary for coagulation of blood is",
		"option1":"Vitamin B",
		"option2":"Vitamin C",
		"option3":"Vitamin K",
		"option4":"Vitamin E",
		"answernumber":"3",
		"category":"Health"
	},

	{
		"question":"Which one of the following mineral elements is required for muscle contraction?",
		"option1":"Calcium",
		"option2":"Iron",
		"option3":"Sodium",
		"option4":"Zinc",
		"answernumber":"1",
		"category":"Health"
	},

	{
		"question":"Which of the following is not an artificial sweetener?",
		"option1":"saccharin",
		"option2":"aspartame",
		"option3":"sucrose",
		"option4":"neotame",
		"answernumber":"3",
		"category":"Health"
	},

	{
		"question":"A person suffering from high blood pressure should avoid foods which are rich in ?",
		"option1":"Sodium",
		"option2":"Iodine",
		"option3":"Calcium",
		"option4":"Iron",
		"answernumber":"1",
		"category":"Health"
	},

	{
		"question":"Which of the following is a rich source of Omega-3 oils?",
		"option1":"Dairy products",
		"option2":"Cod-liver oil",
		"option3":"Vegetables",
		"option4":"Wheat products",
		"answernumber":"2",
		"category":"Health"
	},

	{
		"question":"Which of the following is a water-soluble vitamin and hence is required to be taken everyday?",
		"option1":"Vitamin D",
		"option2":"Vitamin C",
		"option3":"Vitamin K",
		"option4":"Vitamin A",
		"answernumber":"2",
		"category":"Health"
	}


]