[

	{
		"question":"The areas of two similar triangles are 81 sq. cm and 49 sq. cm. Find the ratio of their corresponding heights?",
		"option1":"9:7",
		"option2":"7:9",
		"option3":"6:5",
		"option4":"81:49",
		"answernumber":"1",
		"category":"Maths"
	},

	{
		"question":"4950/6 + 112 x 1.75 = ? x 2 ?",
		"option1":"510.5",
		"option2":"505.2",
		"option3":"515.5",
		"option4":"none of the above",
		"answernumber":"1",
		"category":"Maths"
	} ,

	{
		"question":"Find out the least number which when multiplied by 45, the result becomes a perfect square ?",
		"option1":"9",
		"option2":"15",
		"option3":"5",
		"option4":"none of the above",
		"answernumber":"3",
		"category":"Maths"
	},

	{
		"question":"The sum of two numbers is 24 and the sum of their squares is 386, then one number is ?",
		"option1":"17",
		"option2":"19",
		"option3":"9",
		"option4":"11",
		"answernumber":"2",
		"category":"Maths"
	},

	{
		"question":"The largest number which divides 70 and 125, leaving remainders 5 and 8, respectively, is",
		"option1":"13",
		"option2":"65",
		"option3":"875",
		"option4":"1750",
		"answernumber":"1",
		"category":"Maths"
	},

	{
		"question":"The values of the remainder r, when a positive integer a is divided by 3 are:",
		"option1":"0,1,2",
		"option2":"0,1",
		"option3":"0,1,2,3",
		"option4":"2,3,4",
		"answernumber":"1",
		"category":"Maths"
	},

	{
		"question":"The least number that is divisible by all the numbers from 1 to 10 (both inclusive) is",
		"option1":"10",
		"option2":"100",
		"option3":"2060",
		"option4":"2520",
		"answernumber":"4",
		"category":"Maths"
	},

	{
		"question":"For some integer m, every odd integer is of the form?",
		"option1":"m",
		"option2":"m+1",
		"option3":"2m",
		"option4":"2m+1",
		"answernumber":"4",
		"category":"Maths"
	},

	{
		"question":"What is the area of a circle with a diameter of 16?",
		"option1":"8pi",
		"option2":"16pi",
		"option3":"64pi",
		"option4":"10pi",
		"answernumber":"3",
		"category":"Maths"
	},

	{
		"question":"What is the sum of the measures of the interior angles of a hexagon?",
		"option1":"540°",
		"option2":"720°",
		"option3":"810°",
		"option4":"360°",
		"answernumber":"2",
		"category":"Maths"
	},

	{
		"question":"(sin30° + cos30°) – (sin 60° + cos60°)?",
		"option1":"-1",
		"option2":"0",
		"option3":"1",
		"option4":"2",
		"answernumber":"2",
		"category":"Maths"
	},

	{
		"question":"Value of tan30°/cot60° is ?",
		"option1":"1/√2",
		"option2":"1/√3",
		"option3":"√3",
		"option4":"1",
		"answernumber":"4",
		"category":"Maths"
	},

	{
		"question":"The value of sin θ and cos (90° – θ)",
		"option1":"Are same",
		"option2":"Are different",
		"option3":"No relation",
		"option4":"none of the above",
		"answernumber":"1",
		"category":"Maths"
	},

	{
		"question":"The value of the expression [cosec (75° + θ) – sec (15° - θ) – tan (55° + θ) + cot (35° - θ)] is ?",
		"option1":"1",
		"option2":"-1",
		"option3":"0",
		"option4":"1/2",
		"answernumber":"3",
		"category":"Maths"
	},

	{
		"question":"A dice is thrown. Find the probability of getting an even number ?",
		"option1":"2/3",
		"option2":"1",
		"option3":"5/6",
		"option4":"1/2",
		"answernumber":"4",
		"category":"Maths"
	},

	{
		"question":"Two coins are thrown at the same time. Find the probability of getting both heads ?",
		"option1":"3/4",
		"option2":"1/4",
		"option3":"1/2",
		"option4":"0",
		"answernumber":"2",
		"category":"Maths"
	},

	{
		"question":"100 cards are numbered from 1 to 100. Find the probability of getting a prime number?",
		"option1":"3/4",
		"option2":"27/50",
		"option3":"1/4",
		"option4":"29/100",
		"answernumber":"3",
		"category":"Maths"
	},

	{
		"question":"If certain sum of money can become 5 times of its principal in 10 yrs, then the rate of interest is",
		"option1":"20%",
		"option2":"30%",
		"option3":"40%",
		"option4":"50%",
		"answernumber":"3",
		"category":"Maths"
	},

	{
		"question":"A shopkeeper purchases 15 mangoes for Rs. 10 and sells them at 10 mangoes for Rs. 15.Then profit is",
		"option1":"50%",
		"option2":"75%",
		"option3":"80%",
		"option4":"125%",
		"answernumber":"4",
		"category":"Maths"
	},

	{
		"question":"A, B & C can complete a piece of work in 14,6 & 12 days respectively.Working together,they will complete the work in",
		"option1":"19/9 days",
		"option2":"27 days",
		"option3":"28/9 days",
		"option4":"25/8 days",
		"answernumber":"3",
		"category":"Maths"
	},

	{
		"question":"In an equilateral triangle has the height of 12 cm then what is the area of the triangle?",
		"option1":"42√3 c.c.",
		"option2":"48√3 c.c.",
		"option3":"24√3 c.c.",
		"option4":"34√3 c.c.",
		"answernumber":"3",
		"category":"Maths"
	},

	{
		"question":"A wheel rotates 15 times each minute. How many degrees will it rotate in 12 seconds of time?",
		"option1":"360°",
		"option2":"720°",
		"option3":"1080°",
		"option4":"none of the above",
		"answernumber":"3",
		"category":"Maths"
	},

	{
		"question":"If f(n) = n5 – n, n ϵ N, then f(n) is divisible by?",
		"option1":"25",
		"option2":"30",
		"option3":"35",
		"option4":"32",
		"answernumber":"2",
		"category":"Maths"
	},

	{
		"question":"If a = (√3+1)/(√3-1) and b = (√3-1)/(√3+1) then (a2+ab+b2)/(a2-ab+b2) = ?",
		"option1":"15/11",
		"option2":"17/11",
		"option3":"19/11",
		"option4":"1",
		"answernumber":"4",
		"category":"Maths"
	},

	{
		"question":"1 hectare = ?",
		"option1":"1000 sq.m",
		"option2":"10000 sq.m",
		"option3":"100000 sq.m",
		"option4":"none of the above",
		"answernumber":"2",
		"category":"Maths"
	},

	{
		"question":"1, 3, 7, 15, 31, 63, __.which number next?",
		"option1":"120",
		"option2":"126",
		"option3":"127",
		"option4":"94",
		"answernumber":"3",
		"category":"Maths"
	},

	{
		"question":"If a+b:b+c:c+a = 6:7:8 and a+b+c = 14, then value of ‘c’ is",
		"option1":"6",
		"option2":"7",
		"option3":"8",
		"option4":"14",
		"answernumber":"1",
		"category":"Maths"
	},

	{
		"question":"If two numbers are in the ratio of 5:8 & if 9 is added to each,then the ratio is 8:11.The sum of the numbers is?",
		"option1":"39",
		"option2":"49",
		"option3":"64",
		"option4":"19",
		"answernumber":"1",
		"category":"Maths"
	},

	{
		"question":"The average of the first five multiples of 3 is?",
		"option1":"3",
		"option2":"9",
		"option3":"12",
		"option4":"15",
		"answernumber":"2",
		"category":"Maths"
	},

	{
		"question":"By what least number, 432/625 be divided to get a perfect cube?",
		"option1":"4/5",
		"option2":"6/5",
		"option3":"5/6",
		"option4":"2/5",
		"answernumber":"4",
		"category":"Maths"
	},

	{
		"question":"If √5 = 2.24 and √6 = 2.45, then the value of (√2/√3)+(√5/√6)=",
		"option1":"1.37",
		"option2":"1.57",
		"option3":"1.73",
		"option4":"1.75",
		"answernumber":"3",
		"category":"Maths"
	},

	{
		"question":"The value of [(1/5)/(1/5) of 1/5]/[(1/5) of (1/5) / (1/5)] is ?",
		"option1":"1",
		"option2":"25",
		"option3":"1/25",
		"option4":"125",
		"answernumber":"1",
		"category":"Maths"
	},

	{
		"question":"The length of a rectangle is 1cm more than its width.Its perimeter is 14cm. The area of the rectangle is?",
		"option1":"16 sq.cm",
		"option2":"14 sq.cm",
		"option3":"12 sq.cm",
		"option4":"10 sq.cm",
		"answernumber":"3",
		"category":"Maths"
	},

	{
		"question":"The perimeter of a rectangle is 28m,whereas its area is 48sq.m. What is the length of its diagonal?",
		"option1":"5meters",
		"option2":"10meters",
		"option3":"12meters",
		"option4":"12.5meters",
		"answernumber":"2",
		"category":"Maths"
	},

	{
		"question":"56 men can complete a piece of work in 24days.In how many days can 42 men complete the same work?",
		"option1":"18",
		"option2":"32",
		"option3":"98",
		"option4":"48",
		"answernumber":"2",
		"category":"Maths"
	},

	{
		"question":"A cylindrical pencil sharpened at one edge is the combination of ?",
		"option1":"a cone and a cylinder",
		"option2":"frustum of a cone and a cylinder",
		"option3":"a hemisphere and a cylinder",
		"option4":"two cylinders.",
		"answernumber":"1",
		"category":"Maths"
	},

	{
		"question":"During conversion of a solid from one shape to another, the volume of the new shape will ?",
		"option1":"increase",
		"option2":"decrease",
		"option3":"remain unaltered",
		"option4":"be doubled",
		"answernumber":"3",
		"category":"Maths"
	},

	{
		"question": "Volumes of two spheres are in the ratio 64:27. The ratio of their surface areas is?",
		"option1":"3:4",
		"option2":"4:3",
		"option3":"9:16",
		"option4":"16:9",
		"answernumber":"4",
		"category":"Maths"
	},

	{
		"question": "The product of a non-zero number and an irrational number is?",
		"option1":"always irrational",
		"option2":"always rational",
		"option3":"rational or irrational  ",
		"option4":"one",
		"answernumber":"1",
		"category":"Maths"
	},

	{
		"question": "If the HCF of 65 and 117 is expressible in the form 65 m – 117, then the value of m is?",
		"option1":"4",
		"option2":"2",
		"option3":"1",
		"option4":"3",
		"answernumber":"2",
		"category":"Maths"
	},

	{
		"question": "The H.C.F of 441, 567 and 693 is?",
		"option1":"1",
		"option2":"441",
		"option3":"126",
		"option4":"63",
		"answernumber":"4",
		"category":"Maths"
	},

	{
		"question": "The value of (tan1° tan2° tan3° ... tan89°) is ",
		"option1":"0",
		"option2":"1",
		"option3":"2",
		"option4":"3",
		"answernumber":"2",
		"category":"Maths"
	},

	{
		"question": "If sin A = 1/2 and cos B = 1/2, then A + B = ?",
		"option1":"0°",
		"option2":"30°",
		"option3":"60°",
		"option4":"90°",
		"answernumber":"4",
		"category":"Maths"
	},

	{
		"question": "If cos9α = sin α and 9α < 90°, then the value of tan 5α is",
		"option1":"√3",
		"option2":"1/√3",
		"option3":"0",
		"option4":"1",
		"answernumber":"4",
		"category":"Maths"
	},

	{
		"question": "If a pole 6m high casts a shadow 2√3 m long on the ground, then the sun’s elevation is?",
		"option1":"60°",
		"option2":"45°",
		"option3":"30°",
		"option4":"90°",
		"answernumber":"1",
		"category":"Maths"
	},

	{
		"question": "If cos (A + B) = 0, then sin (A – B) is reduced to:?",
		"option1":"COS A",
		"option2":"COS 2B",
		"option3":"SIN A°",
		"option4":"SIN 2B",
		"answernumber":"2",
		"category":"Maths"
	},

	{
		"question": "Vertical angles that are opposite to each other are also?",
		"option1":"not equal",
		"option2":"opposite",
		"option3":"scalene",
		"option4":"equal",
		"answernumber":"4",
		"category":"Maths"
	},

	{
		"question": "Two lines that make an angle are called?",
		"option1":"scalene",
		"option2":"rays",
		"option3":"segment",
		"option4":"vertex",
		"answernumber":"2",
		"category":"Maths"
	},

	{
		"question": "The surface area of hollow cylinder with radius ‘r’ and height ‘h’ is measured by?",
		"option1":"2πr - h",
		"option2":"2πr + h",
		"option3":"πrh",
		"option4":"2πrh",
		"answernumber":"4",
		"category":"Maths"
	},

	{
		"question": "A polygon having 10 sides is called?",
		"option1":"decagon",
		"option2":"heptagon",
		"option3":"quadrilateral",
		"option4":"hexagon",
		"answernumber":"1",
		"category":"Maths"
	},

	{
		"question": "A polygon having 8 sides is called?",
		"option1":"decagon",
		"option2":"heptagon",
		"option3":"quadrilateral",
		"option4":"octagon",
		"answernumber":"4",
		"category":"Maths"
	},

	{
		"question": "The set consisting of all the first elements of each ordered pair in the relation is called?",
		"option1":"subset",
		"option2":"domain of relation",
		"option3":"range of relation",
		"option4":"complement of a set",
		"answernumber":"2",
		"category":"Maths"
	},

	{
		"question": "If U = {1,2,3,4,5} and A = {2,4} then A' should be",
		"option1":"{2, 4, 5}",
		"option2":"{2, 4}",
		"option3":"{1, 2, 3, 4, 5}",
		"option4":"{1, 3, 5}",
		"answernumber":"4",
		"category":"Maths"
	},

	{
		"question": "The number of elements in power set {1, 2, 3} are ?",
		"option1":"5",
		"option2":"6",
		"option3":"7",
		"option4": "8",
		"answernumber":"4",
		"category":"Maths"
	},

	{
		"question": "The range of R = {(0, 2), (2, 4), (3, 4), (4, 5)} is ?",
		"option1":"{0, 2, 4, 5}",
		"option2":"{0, 2, 3, 4}",
		"option3":"{2, 4, 5}",
		"option4": "{3, 4, 5}",
		"answernumber":"3",
		"category":"Maths"
	},

	{
		"question": "If A and B matrices are of same order and A + B = B + A, this law is known as?",
		"option1":"distributive law",
		"option2":"commutative law",
		"option3":"associative law",
		"option4": "cramer's law",
		"answernumber":"2",
		"category":"Maths"
	},

	{
		"question": "A pair of equations to determine the value of 2 variables is called?",
		"option1":"simultaneous linear equations",
		"option2":"paired equations",
		"option3":"quadratic equations",
		"option4": "simple equations",
		"answernumber":"1",
		"category":"Maths"
	},

	{
		"question": "If a matrix has equal number of columns and rows then it is said to be a?",
		"option1":"row matrix",
		"option2":"identical matrix",
		"option3":"square matrix",
		"option4": "rectangular matrix",
		"answernumber":"3",
		"category":"Maths"
	},

	{
		"question": "We can add two matrices having real numbers A and B if their ?",
		"option1":"order is same",
		"option2":"rows are same",
		"option3":"columns are same",
		"option4": "elements are same",
		"answernumber":"1",
		"category":"Maths"
	},

	{
		"question": "In a cumulative frequency polygon, frequencies are plotted against?",
		"option1":"mid point",
		"option2":"upper class boundaries",
		"option3":"class limits",
		"option4": "frequency distribution",
		"answernumber":"2",
		"category":"Maths"
	}
]