[

	{
		"question":"Which of the following option leads to the portability and security of Java?",
		"option1":"Bytecode is executed by JVM",
		"option2":"The applet makes the Java code secure",
		"option3":"Use of exception handling",
		"option4":"Dynamic binding between objects",
		"answernumber":"1",
		"category":"Programming"

	},

	{
		"question":"Which of the following is not a Java features?",
		"option1":"Dynamic",
		"option2":"Architecture Neutral",
		"option3":"Use of pointers",
		"option4":"Object-oriented",
		"answernumber":"3",
		"category":"Programming"
	},

	{
		"question":"Which package contains the Random class?",
		"option1":"java.util package",
		"option2":"java.lang package",
		"option3":"java.awt package",
		"option4":"java.io package",
		"answernumber":"1",
		"category":"Programming"
	},

	{
		"question":"An interface with no fields or methods is known as ?",
		"option1":"Runnable Interface",
		"option2":"Marker Interface",
		"option3":"Abstract Interface",
		"option4":"CharSequence Interface",
		"answernumber":"2",
		"category":"Programming"
	},

	{
		"question":"Which of the following is a marker interface?",
		"option1":"Runnable Interface",
		"option2":"Remote Interface",
		"option3":"Readable Interface",
		"option4":"Result Interface",
		"answernumber":"2",
		"category":"Programming"
	},

	{
		"question":"The \u0021 article referred to as a?",
		"option1":"Unicode escape sequence",
		"option2":"Octal escape",
		"option3":"Hexadecimal",
		"option4":"Line feed",
		"answernumber":"1",
		"category":"Programming"
	},

	{
		"question":" _____ is used to find and fix bugs in the Java programs.",
		"option1":"JVM",
		"option2":"JRE",
		"option3":"JDK",
		"option4":"JDB",
		"answernumber":"4",
		"category":"Programming"
	},

	{
		"question":"What is the return type of the hashCode() method in the Object class?",
		"option1":"Object",
		"option2":"int",
		"option3":"long",
		"option4":"void",
		"answernumber":"2",
		"category":"Programming"
	},

	{
		"question":"Which of the following creates a List of 3 visible items and multiple selections abled?",
		"option1":"new List(false, 3)",
		"option2":"new List(3, true)",
		"option3":"new List(true, 3)",
		"option4":"new List(3, false)",
		"answernumber":"2",
		"category":"Programming"
	},

	{
		"question":"In which process, a local variable has the same name as one of the instance variables?",
		"option1":"Serialization",
		"option2":"Variable Shadowing",
		"option3":"Abstraction",
		"option4":"Multi-threading",
		"answernumber":"2",
		"category":"Programming"
	},

	{
		"question":"Which of these is not a core data type?",
		"option1":"Lists",
		"option2":"Dictionary",
		"option3":"Tuples",
		"option4":"Class",
		"answernumber":"4",
		"category":"Programming"
	},

	{
		"question":"What data type is the object below ? L = [1, 23, ‘hello’, 1]",
		"option1":"List",
		"option2":"Dictionary",
		"option3":"Tuples",
		"option4":"Class",
		"answernumber":"1",
		"category":"Programming"
	},

	{
		"question":"JSON name/value pair is written as",
		"option1":"name’ : ‘value’",
		"option2":"name = ‘value’",
		"option3":"name = “value”",
		"option4":"“name” : “value”",
		"answernumber":"4",
		"category":"Programming"
	},

	{
		"question":"Which of these is proper a JSON array?",
		"option1":"{ “letters” : [ “a”, “b”, “c”; ] }",
		"option2":"{ ‘letters’ : {“a”, “b”, “c” } }",
		"option3":"{ “letters” : [ a, b, c ] }",
		"option4":"{ “letters” : [ “a”, “b”, “c” ] }",
		"answernumber":"4",
		"category":"Programming"
	},

	{
		"question":"Which of the following is not a JSON type?",
		"option1":"Object",
		"option2":"date",
		"option3":"Array",
		"option4":"string",
		"answernumber":"2",
		"category":"Programming"
	},

	{
		"question":"What is the file extension of JSON?",
		"option1":".jn",
		"option2":".js",
		"option3":".jsn",
		"option4":".json",
		"answernumber":"4",
		"category":"Programming"
	},

	{
		"question":"In modern websites what is the common usage for JSON?",
		"option1":"To store information remotely",
		"option2":"To send & receive bits of data",
		"option3":"To store information locally",
		"option4":"None of the above",
		"answernumber":"4",
		"category":"Programming"
	},

	{
		"question":"The notation, Employee is of type { “Employee”: { “Name”: “Amy”, “Age”: 25 } }",
		"option1":"Object",
		"option2":"Array",
		"option3":"Class",
		"option4":"Not a valid JSON string",
		"answernumber":"1",
		"category":"Programming"
	},

	{
		"question":"JSON elements are separated by?",
		"option1":"semi-colon",
		"option2":"line break",
		"option3":"comma",
		"option4":"white space",
		"answernumber":"3",
		"category":"Programming"
	},

	{
		"question":"Which of the following code will throw an error?",
		"option1":"JSON.parse(null);",
		"option2":"JSON.parse(‘{}’);",
		"option3":"JSON.parse(undefined);",
		"option4":"JSON.parse(‘[]’);",
		"answernumber":"3",
		"category":"Programming"
	},

	{
		"question":"PHP files have a default file extension of_______",
		"option1":".html",
		"option2":".xml",
		"option3":".php",
		"option4":".ph",
		"answernumber":"3",
		"category":"Programming"
	},

	{
		"question":"What should be the correct syntax to write a PHP code?",
		"option1":"< php >",
		"option2":"< ? php ?>",
		"option3":"<? ?>",
		"option4":" <?php ?>",
		"answernumber":"3",
		"category":"Programming"
	},

	{
		"question":"Which version of PHP introduced Try/catch Exception?",
		"option1":"PHP 4",
		"option2":"PHP 5",
		"option3":"PHP 6",
		"option4":"PHP 5 and later",
		"answernumber":"4",
		"category":"Programming"
	},

	{
		"question":"Which one is not a reserve keyword in C Language?",
		"option1":"auto",
		"option2":"main",
		"option3":"case",
		"option4":"register",
		"answernumber":"2",
		"category":"Programming"
	},

	{
		"question":"Which one is not a reserve keyword in C Language?",
		"option1":"auto",
		"option2":"main",
		"option3":"case",
		"option4":"register",
		"answernumber":"2",
		"category":"Programming"
	},

	{
		"question":"A C variable name can start with a ____?",
		"option1":"Number",
		"option2":"Plus Sign (+)",
		"option3":"Underscore",
		"option4":"Asterisk (*)",
		"answernumber":"3",
		"category":"Programming"
	},

	{
		"question":"Prototype of a function means _____?",
		"option1":"Name of Function",
		"option2":"Output of Function",
		"option3":"Declaration of Function",
		"option4":"Input of a Function",
		"answernumber":"3",
		"category":"Programming"
	},

	{
		"question":"What is the action of task environment in artificial intelligence?",
		"option1":"Problem",
		"option2":"Solution",
		"option3":"Agent",
		"option4":"Observation",
		"answernumber":"1",
		"category":"Programming"
	},

	{
		"question":"What kind of observing environments are present in artificial intelligence?",
		"option1":"Partial",
		"option2":"Fully",
		"option3":"Learning",
		"option4":"Both Partial & Fully",
		"answernumber":"4",
		"category":"Programming"
	},

	{
		"question":"What kind of environment is strategic in artificial intelligence?",
		"option1":"Deterministic",
		"option2":"Rational",
		"option3":"Partial",
		"option4":"Stochastic",
		"answernumber":"1",
		"category":"Programming"
	},

	{
		"question":"What is the primary interactive method of communication used by humans?",
		"option1":"reading",
		"option2":"writing",
		"option3":"speaking",
		"option4":"all the above",
		"answernumber":"3",
		"category":"Programming"
	},

	{
		"question":"Natural language understanding is used in _____________",
		"option1":"natural language interfaces",
		"option2":"natural language front ends",
		"option3":"text understanding systems",
		"option4":"all of the mentioned",
		"answernumber":"4",
		"category":"Programming"
	},

	{
		"question":"___is an algorithm,a loop that continually moves in the direction of increasing value – that is uphill.",
		"option1":"Up-Hill Search",
		"option2":"Hill-Climbing",
		"option3":"Hill algorithm",
		"option4":"Reverse-Down-Hill search",
		"answernumber":"2",
		"category":"Programming"
	},

	{
		"question":"When will Hill-Climbing algorithm terminate?",
		"option1":"Stopping criterion met",
		"option2":"Global Min/Max is achieved",
		"option3":"No neighbor has higher value",
		"option4":"All of the mentioned",
		"answernumber":"3",
		"category":"Programming"
	},

	{
		"question":"Which values are independant in minimax search algorithm?",
		"option1":"Pruned leaves x and y",
		"option2":"Every states are dependant",
		"option3":"Root is independant",
		"option4":"None of the mentioned",
		"answernumber":"1",
		"category":"Programming"
	},

	{
		"question":"To which depth does the alpha-beta pruning can be applied?",
		"option1":"10 states",
		"option2":"8 States",
		"option3":"6 States",
		"option4":"Any depth",
		"answernumber":"4",
		"category":"Programming"
	},

	{
		"question":"Where does the values of alpha-beta search get updated?",
		"option1":"Along the path of search",
		"option2":"Initial state itself",
		"option3":"At the end",
		"option4":"None of the mentioned",
		"answernumber":"1",
		"category":"Programming"
	},

	{
		"question":"Which function is used to calculate the feasibility of whole game tree?",
		"option1":"Evaluation function",
		"option2":"Transposition",
		"option3":"Alpha-beta pruning",
		"option4":"All of the mentioned",
		"answernumber":"1",
		"category":"Programming"
	},

	{
		"question":"Which directive is used to start an angularJS application?",
		"option1":"ng-app",
		"option2":"ng-start",
		"option3":"ng-begin",
		"option4":"ng-init",
		"answernumber":"1",
		"category":"Programming"
	},

	{
		"question":"Which directive binds the values of application data to HTML input controls in angular JS?",
		"option1":"ng-app",
		"option2":"ng-start",
		"option3":"ng-modal",
		"option4":"ng-init",
		"answernumber":"3",
		"category":"Programming"
	},

	{
		"question":"Which of the following is a filter in Angular Js?",
		"option1":"Currency",
		"option2":"Date",
		"option3":"Uppercase",
		"option4":"all the above",
		"answernumber":"4",
		"category":"Programming"
	},

	{
		"question":"How to combine filter with expression?",
		"option1":"Using Comma {{expression, pipe}}",
		"option2":"Using Dot {{expression. pipe}",
		"option3":"Using PIpe {{expression | pipe}}",
		"option4":"Using Slash {{expression / pipe}}",
		"answernumber":"3",
		"category":"Programming"
	},

	{
		"question":"How many $RootScope an angular JS application can have?",
		"option1":"Zero",
		"option2":"One",
		"option3":"Two",
		"option4":"Infinity",
		"answernumber":"2",
		"category":"Programming"
	},

	{
		"question":"Which sign is used as prefix for the built-in objects in AngularJS?",
		"option1":"#",
		"option2":"%",
		"option3":"@",
		"option4":"$",
		"answernumber":"4",
		"category":"Programming"
	},

	{
		"question":"React is a ________",
		"option1":"Javascript library",
		"option2":"Javascript framework",
		"option3":"Both of above",
		"option4":"None of above",
		"answernumber":"1",
		"category":"Programming"
	},

	{
		"question":"ReactJS uses _____ to increase performance",
		"option1":"Virtual DOM",
		"option2":"Original DOM",
		"option3":"Both of above",
		"option4":"None of above",
		"answernumber":"1",
		"category":"Programming"
	},

	{
		"question":"State in react is________",
		"option1":"A permanent storage",
		"option2":"Internal storage of the component",
		"option3":"Both of above",
		"option4":"None of above",
		"answernumber":"2",
		"category":"Programming"
	},

	{
		"question":"JavaScript Code can be called by using ___________",
		"option1":"RMI",
		"option2":"Triggering Event",
		"option3":"Preprocessor",
		"option4":"Function/Method",
		"answernumber":"4",
		"category":"Programming"
	},

	{
		"question":"A hexadecimal literal begins with __________",
		"option1":"00",
		"option2":"0x",
		"option3":"0X",
		"option4":"Both 0x and 0X",
		"answernumber":"4",
		"category":"Programming"
	},

	{
		"question":"Which of the following is not considered as an error in JavaScript?",
		"option1":"Syntax error",
		"option2":"Missing of semicolons",
		"option3":"Division by zero",
		"option4":"Missing of Bracket",
		"answernumber":"3",
		"category":"Programming"
	},

	{
		"question":"Which of the following is not considered as an error in JavaScript?",
		"option1":"Syntax error",
		"option2":"Missing of semicolons",
		"option3":"Division by zero",
		"option4":"Missing of Bracket",
		"answernumber":"3",
		"category":"Programming"
	},

	{
		"question":"The escape sequence ‘ \f’ stands for _________",
		"option1":"Floating numbers",
		"option2":"Form feed ",
		"option3":"\f is not present in JavaScript",
		"option4":"none of the above",
		"answernumber":"2",
		"category":"Programming"
	},

	{
		"question":"The snippet that has to be used to check if “a” is not equal to “null” is ____",
		"option1":"if(a!=null)",
		"option2":"if (!a)",
		"option3":"if(a!null)",
		"option4":"f(a!==null)",
		"answernumber":"4",
		"category":"Programming"
	},

	{
		"question":"HTML stands for?",
		"option1":"Hyper Text Markup Language",
		"option2":"High Text Language",
		"option3":"Hyper Tabular Markup Language",
		"option4":"None of these",
		"answernumber":"1",
		"category":"Programming"
	},

	{
		"question":"which of the following tag is used to mark a begining of paragraph?",
		"option1":"<TD>",
		"option2":"<br>",
		"option3":"<P>",
		"option4":"<TR>",
		"answernumber":"3",
		"category":"Programming"
	},

	{
		"question":"From which tag descriptive list starts ?",
		"option1":"<LL>",
		"option2":"<DD>",
		"option3":"<DL>",
		"option4":"<DS>",
		"answernumber":"3",
		"category":"Programming"
	},

	{
		"question":"Correct HTML tag for the largest heading is",
		"option1":"<head>",
		"option2":"<h6>",
		"option3":"<heading>",
		"option4":"<h1>",
		"answernumber":"4",
		"category":"Programming"
	},

	{
		"question":"The attribute of <form> tag ?",
		"option1":"Method",
		"option2":"Action",
		"option3":"Both (a)&(b)",
		"option4":"None of these",
		"answernumber":"3",
		"category":"Programming"
	},

	{
		"question":"<DT> tag is designed to fit a single line of our web page but <DD> tag will accept a",
		"option1":"line of text",
		"option2":"full paragraph",
		"option3":"word",
		"option4":"request",
		"answernumber":"2",
		"category":"Programming"
	},

	{
		"question":" \nA much better approach to establish the base URL is to use?",
		"option1":"BASE element",
		"option2":"HEAD element",
		"option3":"both (a) and (b)",
		"option4":"none of these",
		"answernumber":"1",
		"category":"Programming"
	}
]