[

	{
		"question":"Which of the following is the poorest heat insulator?",
		"option1":"Air",
		"option2":"Glass",
		"option3":"Aluminium",
		"option4":"Rock",
		"answernumber":"3",
		"category":"Science"
	},

	{
		"question":"Which of the following is the poorest heat insulator?",
		"option1":"Air",
		"option2":"Glass",
		"option3":"Aluminium",
		"option4":"Rock",
		"answernumber":"3",
		"category":"Science"
	},

	{
		"question":"Which of the following disease is caused by virus?",
		"option1":"typhoid",
		"option2":"tuberculosis",
		"option3":"malaria",
		"option4":"smallPox",
		"answernumber":"4",
		"category":"Science"
	},

	{
		"question":"Flowers are bright coloured and scented in order to attract insects and help:?",
		"option1":"Dispersal of seeds",
		"option2":"cane_sugar",
		"option3":"pollination",
		"option4":"none of the above",
		"answernumber":"3",
		"category":"Science"
	},

	{
		"question":"In the transfusion, the blood must be compatible not only in blood type but also in :",
		"option1":"RH factor",
		"option2":"number of white cells",
		"option3":"number of red cells",
		"option4":"race of donor and recipient",
		"answernumber":"1",
		"category":"Science"
	},

	{
		"question":"Insulin controls the metabolism of :",
		"option1":"fats",
		"option2":"hormones",
		"option3":"carbohydrates",
		"option4":"proteins",
		"answernumber":"3",
		"category":"Science"
	},

	{
		"question":"Name the vaccine that is jointly developed by the German company BioNTech and US pharma giant Pfizer for COVID-19?",
		"option1":"BNT162",
		"option2":"PICOVACC",
		"option3":"Both A and B",
		"option4":"none of the above",
		"answernumber":"1",
		"category":"Science"
	},

	{
		"question":"Name a clinical trial in which blood is transfused from recovered COVID-19 patients to a coronavirus patient who is in critical condition?",
		"option1":"Plasma Therapy",
		"option2":"Solidarity",
		"option3":"Remdesivir",
		"option4":"Hydroxychloroquine",
		"answernumber":"1",
		"category":"Science"
	},

	{
		"question":"What is Coronavirus?",
		"option1":"It is a large family of viruses.",
		"option2":"It belongs to the family of Nidovirus.",
		"option3":"Both A and B are correct",
		"option4":"none of the above",
		"answernumber":"3",
		"category":"Science"
	},

	{
		"question":"The first case of novel coronavirus was identified in ?",
		"option1":"Beijing",
		"option2":"Shanghai",
		"option3":"Wuhan, Hubei ",
		"option4":"Tianjin",
		"answernumber":"3",
		"category":"Science"
	},

	{
		"question":"Which of the following diseases are related to coronavirus?",
		"option1":"MERS",
		"option2":"SARS",
		"option3":"Both A & B",
		"option4":"Neither A nor B",
		"answernumber":"3",
		"category":"Science"
	},

	{
		"question":"Mild Symptoms of Novel coronavirus are:",
		"option1":"Fever",
		"option2":"Cough",
		"option3":"Shortness of breath",
		"option4":"All the above",
		"answernumber":"4",
		"category":"Science"
	},

	{
		"question":"From where coronavirus got its name?",
		"option1":"Due to their crown-like projections.",
		"option2":"Due to their leaf-like projections.",
		"option3":"Due to their surface structure of bricks.",
		"option4":"All the above",
		"answernumber":"1",
		"category":"Science"
	},

	{
		"question":"What are the precautions that need to be taken to protect from the coronavirus?",
		"option1":"Cover your nose and mouth when sneezing.",
		"option2":"Add more garlic into your diet.",
		"option3":"Visit your doctor for antibiotics treatment",
		"option4":"Wash your hands after every hour.",
		"answernumber":"1",
		"category":"Science"
	},

	{
		"question":"Hydroxychloroquine and chloroquine are which type of drugs?",
		"option1":"Antiviral",
		"option2":"Anti-Malarial",
		"option3":"Anti-Bacterial",
		"option4":"None of the above",
		"answernumber":"3",
		"category":"Science"
	},

	{
		"question":"Which of the following statements is/are true about Plasma?",
		"option1":"The liquid part of the blood is plasma.",
		"option2":"It is made up of only protein.",
		"option3":"It consists of antibodies",
		"option4":"Only A and C are correct",
		"answernumber":"4",
		"category":"Science"
	},

	{
		"question":"Which of the following solution is used to test presence of protein in food item?",
		"option1":"Iodine",
		"option2":"Copper sulphate",
		"option3":"Sodium chloride",
		"option4":"sodium",
		"answernumber":"2",
		"category":"Science"
	},

	{
		"question":"The following is needed for the growth and repair of our body?",
		"option1":"Fats",
		"option2":"Carbohydrates",
		"option3":"Proteins",
		"option4":"Vitamins",
		"answernumber":"3",
		"category":"Science"
	},

	{
		"question":"Which of the following type of Vitamin does not exist?",
		"option1":"Vitamin D",
		"option2":"Vitamin E",
		"option3":"Vitamin F",
		"option4":"Vitamin K",
		"answernumber":"3",
		"category":"Science"
	},

	{
		"question":"Carbon dioxide enters a leaf of a plant via?",
		"option1":"stomata",
		"option2":"stem",
		"option3":"roots",
		"option4":"flowers",
		"answernumber":"1",
		"category":"Science"
	},

	{
		"question":"Carbon dioxide is given to plants for their food production from?",
		"option1":"air",
		"option2":"soil",
		"option3":"water",
		"option4":"fertilizers",
		"answernumber":"1",
		"category":"Science"
	},

	{
		"question":" Fertilizers which come from living things like animal dung,compost,fish & bone meals are?",
		"option1":"organic fertilizers",
		"option2":"inorganic fertilizers",
		"option3":"low fertilizers",
		"option4":"complex fertilizers",
		"answernumber":"1",
		"category":"Science"
	},

	{
		"question":"The function of roots includes?",
		"option1":"absorb water from soil",
		"option2":"absorb nutrients from soil",
		"option3":"anchor plant",
		"option4":"all of these",
		"answernumber":"4",
		"category":"Science"
	},

	{
		"question":"Insectivorous plants can prepare their own food because they have?",
		"option1":"chlorophyll",
		"option2":"leaves",
		"option3":"stem",
		"option4":"roots",
		"answernumber":"1",
		"category":"Science"
	},

	{
		"question":"Which of the following is not a simple sugar (monosaccharide)?",
		"option1":"sucrose",
		"option2":"fructose",
		"option3":"galactose",
		"option4":"glucose",
		"answernumber":"1",
		"category":"Science"
	},

	{
		"question":"Which acid is secreted by the cells of the gastric glands in the stomach?",
		"option1":"sulphuric acid",
		"option2":"hydrochloric acid ",
		"option3":"hydroiodic acid",
		"option4":"nitric acid",
		"answernumber":"2",
		"category":"Science"
	},

	{
		"question":"____help in protecting the inner lining of the stomach from the harmful effect of hydrochloric acid?",
		"option1":"Mucus",
		"option2":"Pepsin",
		"option3":"Trypsin",
		"option4":"Bile",
		"answernumber":"1",
		"category":"Science"
	},

	{
		"question":"The vein which brings clean blood from the lungs into the heart is known as?",
		"option1":"Superior vena cava",
		"option2":"Hepatic vein",
		"option3":"Pulmonary vein",
		"option4":"Pulmonary artery",
		"answernumber":"3",
		"category":"Science"
	},

	{
		"question":"____help in protecting the inner lining of the stomach from the harmful effect of hydrochloric acid?",
		"option1":"Mucus",
		"option2":"Pepsin",
		"option3":"Trypsin",
		"option4":"Bile",
		"answernumber":"1",
		"category":"Science"
	},

	{
		"question":"____is used for cleaning the blood of a person by separating the waste substance from it?",
		"option1":"Kidney transplant",
		"option2":"Blood transfusion",
		"option3":"Dialysis",
		"option4":"Hydrolysis",
		"answernumber":"3",
		"category":"Science"
	},

	{
		"question":"The excretory unit of the human excretory system is known as?",
		"option1":"Nephridia",
		"option2":"Neuron",
		"option3":"Nephron",
		"option4":"kidneys",
		"answernumber":"3",
		"category":"Science"
	},

	{
		"question":"Plants use the energy stored in ATP to accomplish the process of transportation of?",
		"option1":" Water and minerals",
		"option2":"Oxygen",
		"option3":"Water, minerals and food",
		"option4":"Food",
		"answernumber":"4",
		"category":"Science"
	},

	{
		"question":"Which among the following is necessary to carry out the blood coagulation in a cut or wound?",
		"option1":"White Blood Cells",
		"option2":"Blood plasma",
		"option3":"Platelets",
		"option4":"Red blood cells",
		"answernumber":"3",
		"category":"Science"
	},

	{
		"question":"Arteries and veins are connected by a network of extremely narrow tubes called?",
		"option1":"Sieve tubes",
		"option2":"Capillaries",
		"option3":"Vena cava",
		"option4":"Valves",
		"answernumber":"2",
		"category":"Science"
	},

	{
		"question":"Cation is formed when ?",
		"option1":"Atom gains electrons",
		"option2":"Atom loses electrons",
		"option3":"Proton is lost by the atom",
		"option4":"Atom shares electrons",
		"answernumber":"2",
		"category":"Science"
	},

	{
		"question":"The property of self-linkage among identical atoms to form long chain compounds is?",
		"option1":"Catenation",
		"option2":"Isomerisation",
		"option3":"Superposition",
		"option4":"Halogenation",
		"answernumber":"1",
		"category":"Science"
	},

	{
		"question":"Which of the followings is the major constituent of the liquefied petroleum gas?",
		"option1":"Methane",
		"option2":"Ethane",
		"option3":"Propane",
		"option4":"Butane",
		"answernumber":"4",
		"category":"Science"
	},

	{
		"question":"The organic compounds having functional group are known as:",
		"option1":"Aldehyde",
		"option2":"Ketone",
		"option3":"Carboxylic acids",
		"option4":"Alcohol",
		"answernumber":"3",
		"category":"Science"
	},

	{
		"question":"From which of the following substance pencil lead is formed?",
		"option1":"Charcoal",
		"option2":"Wood",
		"option3":"Lead",
		"option4":"Graphite",
		"answernumber":"4",
		"category":"Science"
	},

	{
		"question":"Ester is formed by the reaction between?",
		"option1":"An acid and an alkene",
		"option2":"An acid and a base",
		"option3":"A base and an alcohol",
		"option4":"An acid and an alcohol",
		"answernumber":"4",
		"category":"Science"
	},

	{
		"question":"Which substance produces brisk effervescence with baking soda solution?",
		"option1":"Vinegar",
		"option2":"Table salt",
		"option3":"Ethanoic acid",
		"option4":"Sunflower oil",
		"answernumber":"3",
		"category":"Science"
	},

	{
		"question":"The non-metal which is liquid at room temperature is?",
		"option1":"Mercury",
		"option2":"Bromine",
		"option3":"Carbon",
		"option4":"Helium",
		"answernumber":"2",
		"category":"Science"
	},

	{
		"question":"Bauxite is an ore of?",
		"option1":"Iron",
		"option2":"Aluminium",
		"option3":"Mercury",
		"option4":"Copper",
		"answernumber":"2",
		"category":"Science"
	},

	{
		"question":"The metal which is liquid at room temperature is?",
		"option1":"Iron",
		"option2":"Aluminium",
		"option3":"Mercury",
		"option4":"Copper",
		"answernumber":"3",
		"category":"Science"
	},

	{
		"question":"In electrolytic refining, the cathode is made up of?",
		"option1":"Pure metal",
		"option2":"Impure metal",
		"option3":"Alloy",
		"option4":"Metallic salt",
		"answernumber":"1",
		"category":"Science"
	},

	{
		"question":"Which of the following represent the correct order of decreasing reactivity?",
		"option1":"Mg > Al > Zn > Fe",
		"option2":"Mg > Zn > Al > Fe",
		"option3":"Al > Zn > Fe > Mg",
		"option4":"Mg > Fe > Zn > Al",
		"answernumber":"1",
		"category":"Science"
	},

	{
		"question":"Which among the following is the most abundant metal found in the earth’s crust?",
		"option1":"Magnesium",
		"option2":"Aluminium",
		"option3":"Oxygen",
		"option4":"Iron",
		"answernumber":"2",
		"category":"Science"
	},

	{
		"question":"Which of the following alloys contains a non-metal as one of its constituents?",
		"option1":"Iron",
		"option2":"Brass",
		"option3":"Steel",
		"option4":"Iron",
		"answernumber":"3",
		"category":"Science"
	},

	{
		"question":"Some fruits like mango,lemon,raw grapes,orange, etc., have a sour taste due to the presence of",
		"option1":"Acetic acid",
		"option2":"Citric acid",
		"option3":"Lactic acid",
		"option4":"Oxalic acid",
		"answernumber":"2",
		"category":"Science"
	},

	{
		"question":"Bleaching powder is used as a disinfectant for water to?",
		"option1":"Make water tastier",
		"option2":"Remove all the dirt from water",
		"option3":"Make water germ-free",
		"option4":"Make water clear",
		"answernumber":"3",
		"category":"Science"
	},

	{
		"question":"Which one of the following salts will dissolve in water to form an alkaline solution?",
		"option1":"Potassium carbonate",
		"option2":"Sodium chloride",
		"option3":"Sodium carbonate",
		"option4":"Potassium sulphate",
		"answernumber":"1",
		"category":"Science"
	},

	{
		"question":"Which of the following forms the basis of the modern periodic table?",
		"option1":"Atomic mass",
		"option2":"Atomic number",
		"option3":"Number of nucleons",
		"option4":"All of these",
		"answernumber":"2",
		"category":"Science"
	},

	{
		"question":"What is the other name for group 18th elements?",
		"option1":"Alkali metals",
		"option2":"Noble gases",
		"option3":"Alkali earth metals",
		"option4":"Halogens",
		"answernumber":"2",
		"category":"Science"
	},

	{
		"question":"Which of the following is the most reactive element of the group 17?",
		"option1":"Oxygen",
		"option2":"Sodium",
		"option3":"Fluorine",
		"option4":"Magnesium",
		"answernumber":"3",
		"category":"Science"
	},

	{
		"question":"Which group elements are called transition metals?",
		"option1":"Group number 1 to 2",
		"option2":"Group number 13 to 18",
		"option3":"Group number 3 to 12",
		"option4":"Group number 1 to 8",
		"answernumber":"3",
		"category":"Science"
	},

	{
		"question":"Which of the following elements has 2 shells and both are completely filled?",
		"option1":"Helium",
		"option2":"Neon",
		"option3":"Calcium",
		"option4":"Boron",
		"answernumber":"2",
		"category":"Science"
	},

	{
		"question":"Which of the following is the atomic number of an element that forms basic oxide?",
		"option1":"18",
		"option2":"17",
		"option3":"19",
		"option4":"15",
		"answernumber":"3",
		"category":"Science"
	},

	{
		"question":"Which of the following does not decrease while moving down the group of the periodic table?",
		"option1":"Atomic radius",
		"option2":"Metallic character",
		"option3":"Number of shells in the atom",
		"option4":"Valence electrons",
		"answernumber":"4",
		"category":"Science"
	},

	{
		"question":"How many periods and groups are present in the periodic table?",
		"option1":"7 periods & 18 groups",
		"option2":"8 periods & 7 groups",
		"option3":"7 periods & 7 groups",
		"option4":"8 periods & 8 groups",
		"answernumber":"1",
		"category":"Science"
	},

	{
		"question":"First element in periodic table is?",
		"option1":"Copper",
		"option2":"Berilium",
		"option3":"Hydrogen",
		"option4":"Chlorine",
		"answernumber":"3",
		"category":"Science"
	}
]