[

	{
		"question":"Who was the first indian to win the World Amateur Billiards title?",
		"option1":"Geet Sethi",
		"option2":"Wilson Jones",
		"option3":"Michael Ferreira",
		"option4":"Manoj Kothari",
		"answernumber":"2",
		"category":"Sports"
	},

	{
		"question":"Who was the first indian woman to win the Asian Games gold in 400m?",
		"option1":"M.L.Valsamma",
		"option2":"P.T.Usha",
		"option3":"Kamaljit Sandhu",
		"option4":"K.Malleshwari",
		"answernumber":"3",
		"category":"Sports"
	},

	{
		"question":"RickyPonting is also known as?",
		"option1":"The Rickster",
		"option2":"Ponts",
		"option3":"Ponter",
		"option4":"Punter",
		"answernumber":"4",
		"category":"Sports"
	},

	{
		"question":"How long professional Golf Tour players allotted per slot?",
		"option1":"45 Seconds",
		"option2":"25 Seconds",
		"option3":"1minute",
		"option4":"2minutes",
		"answernumber":"1",
		"category":"Sports"
	},

	{
		"question":"Who won the 1993 King of the Ring?",
		"option1":"Owen Hart",
		"option2":"Bret Hart",
		"option3":"Edge",
		"option4":"Mabel",
		"answernumber":"2",
		"category":"Sports"
	},

	{
		"question":"Which cricket team has won the 2017 Vijay Hazare Trophy?",
		"option1":"Karnataka",
		"option2":"Gujarat",
		"option3":"Jharkhand",
		"option4":"Tamil Nadu",
		"answernumber":"4",
		"category":"Sports"
	},

	{
		"question":"Who was the first Indian in independent India to have won a medal in an individual Olympic event ?",
		"option1":"Dhyanchand",
		"option2":"K D Jadhav",
		"option3":"Prithipal Singh",
		"option4":"Harishchandra Birajdar",
		"answernumber":"2",
		"category":"Sports"
	},

	{
		"question":"The 2017 National Sports Day (NSD) is celebrated on which day in India?",
		"option1":"August 28",
		"option2":"August 29",
		"option3":"August 26",
		"option4":"August 27",
		"answernumber":"2",
		"category":"Sports"
	},

	{
		"question":"What does the Olympic Flame symbolize?",
		"option1":"zeal to play sports",
		"option2":"Challenge",
		"option3":"Continuity",
		"option4":"Integrity",
		"answernumber":"3",
		"category":"Sports"
	},

	{
		"question":"Which among the following is the women’s equivalent of the Davis Cup?",
		"option1":"Hopman Cup",
		"option2":"Fed Cup",
		"option3":"BMW Open",
		"option4":"Millrose Cup",
		"answernumber":"2",
		"category":"Sports"
	},

	{
		"question":"The terms Volley, Smash, Service are related to which among the following sports?",
		"option1":"Volleyball",
		"option2":"Lawn Tennis",
		"option3":"Table Tennis",
		"option4":"Badminton",
		"answernumber":"2",
		"category":"Sports"
	},

	{
		"question":"The famous football player Maradona belongs to which among the following countries?",
		"option1":"Brazil",
		"option2":"Chile",
		"option3":"Argentina",
		"option4":"Italy",
		"answernumber":"3",
		"category":"Sports"
	},

	{
		"question":"“Electra Gold Cup” is associated with which sports?",
		"option1":"Lawn Tennis",
		"option2":"Table Tennis",
		"option3":"Badminton",
		"option4":"Football",
		"answernumber":"2",
		"category":"Sports"
	},

	{
		"question":"“Omega Mission Hills World Cup” is related to which game?",
		"option1":"Tennis",
		"option2":"Golf",
		"option3":"Hockey",
		"option4":"Polo",
		"answernumber":"2",
		"category":"Sports"
	},

	{
		"question":"“Ryder cup” is related to which among the following sports?",
		"option1":"Polo",
		"option2":"Golf",
		"option3":"Tennis",
		"option4":"Lawn tennis",
		"answernumber":"2",
		"category":"Sports"
	},

	{
		"question":"Who among the following has written the book “Cricket My Style”?",
		"option1":"Sunil Gavaskar",
		"option2":"Anil Kumble",
		"option3":"Kapil Dev",
		"option4":"None of them",
		"answernumber":"3",
		"category":"Sports"
	},

	{
		"question":"Which among the following is the National Sports of USA?",
		"option1":"Cricket",
		"option2":"Baseball",
		"option3":"Table Tennis",
		"option4":"Rugby",
		"answernumber":"2",
		"category":"Sports"
	},

	{
		"question":"Who among the following is the First Indian Women to get an Olympic Medal?",
		"option1":"Anju Bobby George",
		"option2":"Nameirakpam Kunjarani",
		"option3":"P T Usha",
		"option4":"Karnam Malleshwari",
		"answernumber":"4",
		"category":"Sports"
	},

	{
		"question":"The word Gambit is related to which of the following sports?",
		"option1":"Chess",
		"option2":"Table Tennis",
		"option3":"Polo",
		"option4":"carom",
		"answernumber":"1",
		"category":"Sports"
	},

	{
		"question":"Which among the following was the venue of first South Asian Games?",
		"option1":"Kathmandu",
		"option2":"Dhaka",
		"option3":"Colombo",
		"option4":"New Delhi",
		"answernumber":"1",
		"category":"Sports"
	},

    {
      "question":"Who is the winner of the US Open 2019 Men's title?",
      "option1":"Roger Federer",
      "option2":"Rafael Nadal ",
      "option3":"Daniil Medvedev",
      "option4":"Novak Djokovic",
      "answernumber":"2",
      "category":"Sports"
    },

  	{
		"question":"Which of the following is not fit in the match?",
    	"option1":"French Open",
    	"option2":"US Open",
    	"option3":"Australian Open",
    	"option4":"Cincinnati Masters",
    	"answernumber":"4",
    	"category":"Sports"
  	},

  	{
    	"question":"What is the new name of Feroz Shah Kotla ground?",
    	"option1":"Arun Jaitley Stadium",
    	"option2":"Sheila Dikshit Stadium",
    	"option3":"Gautam Gambhir Stadium",
    	"option4":"Ajit Wadekar Stadium",
    	"answernumber":"1",
    	"category":"Sports"
  	},

  	{
    	"question":"Which of the following region has won the Ranji Trophy tournament 2019?",
    	"option1":"Saurashtra",
    	"option2":"Mumbai",
    	"option3":"Vidarbha",
    	"option4":"Rajasthan",
    	"answernumber":"3",
    	"category":"Sports"
  	},

  	{
    	"question":"Which of the following trophy/ is not related to Cricket in India?",
    	"option1":"Syed Mushtaq Ali Trophy",
    	"option2":"Deodhar Trophy",
    	"option3":"Santosh Trophy",
   	 	"option4":"Duleep Trophy",
    	"answernumber":"3",
    	"category":"Sports"
  	},

  	{
    	"question":"Who got FIFA Best Player 2019 Award?",
    	"option1":"Neymar",
    	"option2":"L. Messi",
    	"option3":"C. Ronaldo",
    	"option4":"Luka Mordic",
		"answernumber":"2",
    	"category":"Sports"
  	},

  	{
    	"question":"Which of the following is not matched correctly?",
    	"option1":"Pankaj Advani: Billiards",
    	"option2":"Anjali Bhagwat: Shooting",
   	 	"option3":"Muhammed Anas Yahiya: Boxing",
    	"option4":"Deepa Malik: Athletics",
    	"answernumber":"3",
    	"category":"Sports"
  	},

  	{
    	"question":"Pankaj Advani recently won his 22nd World Billiards Title 2019. This tournament is held in.. ?",
    	"option1":"Malaysia",
    	"option2":"Myanmar",
    	"option3":"India",
    	"option4":"Russia",
    	"answernumber":"2",
    	"category":"Sports"
  	},

  	{
    	"question":"Who has won the Rajiv Gandhi Khel Ratna Award 2019?",
    	"option1":"Sakshi Malik",
    	"option2":"Mirabai Chanu",
    	"option3":"Bajrang Punia",
    	"option4":"None of the above",
    	"answernumber":"3",
    	"category":"Sports"
  	},

  	{
    	"question":"Who has won the Australian Open 2020 men's singles title?",
    	"option1":"Rafel Nadal",
    	"option2":"Novak Djokovic",
    	"option3":"Dominic Thiem",
    	"option4":"Roger Federer",
    	"answernumber":"2",
    	"category":"Sports"
  	},

  	{
    	"question":"As per BCCI's new annual contract which of the following player is NOT in the grade A+ category?",
    	"option1":"Virat Kohli",
    	"option2":"Rohit Sharma",
    	"option3":"Jasprit Bumrah",
    	"option4":"Shikhar Dhawan",
    	"answernumber":"4",
    	"category":"Sports"
  	},

  	{
    	"question":"How many teams are participating in the ICC World Cup 2019?",
    	"option1":"8",
    	"option2":"9",
    	"option3":"10",
    	"option4":"12",
    	"answernumber":"3",
    	"category":"Sports"
  	},

  	{
    	"question":"Which cricket team has won most ICC Cricket World Cup titles?",
    	"option1":"West Indies",
    	"option2":"India",
    	"option3":"England",
    	"option4":"Australia",
    	"answernumber":"4",
    	"category":"Sports"
  	},

  	{
    	"question":"Which of the following country did not won the ICC Cricket World Cup (50 over format) title so far?",
    	"option1":"England",
    	"option2":"India",
    	"option3":"England",
    	"option4":"Australia",
    	"answernumber":"4",
    	"category":"Sports"
  	},

	{
		"question":"Who got first “Man of the Tournament” Award in the ICC Cricket World Cup from INDIA?",
		"option1":"Sachin Tendulkar",
		"option2":"Yuvraj Singh",
		"option3":"Mohinder Amarnath",
		"option4":"M.S. Dhoni",
		"answernumber":"1",
		"category":"Sports"
	},

	{
		"question":"When was first ICC cricket World Cup started?",
		"option1":"1972",
		"option2":"1975",
		"option3":"1985",
		"option4":"1979",
		"answernumber":"2",
		"category":"Sports"
	},

	{
		"question":"Who is the youngest player in the ICC Cricket World Cup 2019?",
		"option1":"Jonny 'Blaze' Bairstow",
		"option2":"Yuzvendra chahal",
		"option3":"Mujeeb ur Rahman",
		"option4":"Kagiso Rabada",
		"answernumber":"3",
		"category":"Sports"
	},

	{
		"question":"Which Indian cricketer had won the “Man of the Match” award in the final of the ICC World Cup 1983?",
		"option1":"Kapil Dev",
		"option2":"Sunil Gavaskar",
		"option3":"Ravi Shastri",
		"option4":"Mohinder Amarnath",
		"answernumber":"4",
		"category":"Sports"
	},

	{
		"question":"Who was the captain of the Indian cricket team in the ICC World Cup 1983?",
		"option1":"Sunil Gavaskar",
		"option2":"Kirti Azad",
		"option3":"Kapil Dev",
		"option4":"None of these",
		"answernumber":"3",
		"category":"Sports"
	},

	{
		"question":"Which of the following country has hosted the ICC World Cup most times?",
		"option1":"England",
		"option2":"India",
		"option3":"Australia",
		"option4":"West Indies",
		"answernumber":"1",
		"category":"Sports"
	},

	{
		"question":"The 31st Olympic games will be held in _________?",
		"option1":"Argentina",
		"option2":"Brazil",
		"option3":"India",
		"option4":"China",
		"answernumber":"2",
		"category":"Sports"
	},

	{
		"question":" Which is the new entrant in the next Olympic Games to be held in 2016?",
		"option1":"Kosovo",
		"option2":"Mali",
		"option3":"South Korea",
		"option4":"None of these",
		"answernumber":"1",
		"category":"Sports"
	},

	{
		"question":"What is the number of Olympic games to be held in 2016?",
		"option1":"21st",
		"option2":"29th",
		"option3":"31st",
		"option4":"40th",
		"answernumber":"3",
		"category":"Sports"
	},

	{
		"question":"How many games will be played in the next Olympic Games?",
		"option1":"33",
		"option2":"34",
		"option3":"28",
		"option4":"30",
		"answernumber":"3",
		"category":"Sports"
	},

	{
		"question":"Which is the host city of next Olympic Games?",
		"option1":"Atlanta",
		"option2":"Paraguay",
		"option3":"Doha",
		"option4":"Rio de Janeiro",
		"answernumber":"4",
		"category":"Sports"
	},

	{
		"question":"In which Olympic Games, Indian hockey team won Gold medal?",
		"option1":"9th",
		"option2":"10th",
		"option3":"11th",
		"option4":"12th",
		"answernumber":"1",
		"category":"Sports"
	},

	{
		"question":"Which of the following term is recognised as an early form of football by FIFA?",
		"option1":"kemari",
		"option2":"Episkyros",
		"option3":"Cuju",
		"option4":"Inuit",
		"answernumber":"2",
		"category":"Sports"
	},

	{
		"question":"When was the first FIFA World Cup inaugurated?",
		"option1":"1930",
		"option2":"1931",
		"option3":"1932",
		"option4":"1933",
		"answernumber":"1",
		"category":"Sports"
	},

	{
		"question":"Which of following team do not play in stripes?",
		"option1":"Newcastle",
		"option2":"Southampton",
		"option3":"Tottenham Hotspur",
		"option4":"Lincoln City",
		"answernumber":"3",
		"category":"Sports"
	},

	{
		"question":"Which of the following country hosted the first Football World Cup?",
		"option1":"America",
		"option2":"Argentina",
		"option3":"Brazil",
		"option4":"Uruguay",
		"answernumber":"4",
		"category":"Sports"
	},

	{
		"question":"Which country became the first nation to win the Football World Cup?",
		"option1":"America",
		"option2":"Argentina",
		"option3":"Brazil",
		"option4":"Uruguay",
		"answernumber":"4",
		"category":"Sports"
	},

	{
		"question":"Who among the following scored the first goal in World Cup history?",
		"option1":"Johino",
		"option2":"Bert Patenaude",
		"option3":"Lucien Laurent",
		"option4":"Pele",
		"answernumber":"3",
		"category":"Sports"
	},

	{
		"question":"Who among the following achieved the first World Cup hat-trick?",
		"option1":"Johino",
		"option2":"Bert Patenaude",
		"option3":"Lucien Laurent",
		"option4":"Pele",
		"answernumber":"2",
		"category":"Sports"
	},

	{
		"question":"Which player is allowed to touch the ball with his feet during a Hockey match?",
		"option1":"Goalkeeper",
		"option2":"Defender",
		"option3":"Centre-forward",
		"option4":"Winger",
		"answernumber":"1",
		"category":"Sports"
	},

	{
		"question":"The dimensions of a Hockey field are?",
		"option1":"91.4m X 55m",
		"option2":"92m X 55m",
		"option3":"92.5m X 56m",
		"option4":"91.4m X 56m",
		"answernumber":"1",
		"category":"Sports"
	},

	{
		"question":"Each half in a hockey game consist of?",
		"option1":"30mins",
		"option2":"35mins",
		"option3":"40mins",
		"option4":"45mins",
		"answernumber":"2",
		"category":"Sports"
	},

	{
		"question":"When does a player go to the penalty box?",
		"option1":"When he gets a yellow card",
		"option2":"When he gets a no card",
		"option3":"When he gets a green card",
		"option4":"When he gets a red card",
		"answernumber":"1",
		"category":"Sports"
	},

	{
		"question":"Who is regarded as the best player in history of the sport?",
		"option1":"Dhyan Chand",
		"option2":"Roop Singh",
		"option3":"DhanrajPillay",
		"option4":"Niraj Singh",
		"answernumber":"1",
		"category":"Sports"
	},

	{
		"question":"Total no. of players playing on the pitch in a hockey match is?",
		"option1":"22",
		"option2":"16",
		"option3":"20",
		"option4":"18",
		"answernumber":"1",
		"category":"Sports"
	},

	{
		"question":"Which nation has been crowned as World Champions of Hockey four times?",
		"option1":"India",
		"option2":"Pakistan",
		"option3":"Australia",
		"option4":"Netherlands",
		"answernumber":"2",
		"category":"Sports"
	}
]